time,/ext_usb_camera/image/compressed,robogame/imu_state,robogame/imu_state.linear_acc.x,robogame/imu_state.linear_acc.y,robogame/imu_state.linear_acc.z,robogame/imu_state.gyro.z,robogame/imu_state.gyro.x,robogame/imu_state.gyro.y
0.0,,,974.0,-1239.0,1867.0,16.0,5.0,26.0
0.04085278511047363,,,351.0,-1463.0,2078.0,15.0,5.0,33.0
0.08594083786010742,,,-548.0,-1531.0,2174.0,17.0,5.0,19.0
0.13112401962280273,,,-980.0,-1415.0,1663.0,11.0,4.0,1.0
0.17604279518127441,,,-1015.0,-810.0,1562.0,4.0,-1.0,-7.0
0.22106385231018066,,,-727.0,-377.0,1228.0,1.0,-3.0,-1.0
0.2660808563232422,,,-825.0,-216.0,1326.0,5.0,1.0,11.0
0.3111109733581543,,,-1097.0,-556.0,1679.0,2.0,-1.0,12.0
0.35617661476135254,,,-1010.0,-579.0,1418.0,-2.0,-1.0,8.0
0.401334285736084,,,-770.0,-262.0,1016.0,-6.0,-3.0,4.0
0.44649291038513184,,,-741.0,222.0,994.0,-4.0,-3.0,3.0
0.49153685569763184,,,-738.0,384.0,1130.0,-7.0,0.0,8.0
0.5364208221435547,,,-302.0,540.0,998.0,-5.0,5.0,20.0
0.5815274715423584,,,-208.0,351.0,1354.0,-6.0,3.0,18.0
0.6265451908111572,,,242.0,474.0,1410.0,-7.0,3.0,28.0
0.6717593669891357,,,231.0,516.0,1178.0,-1.0,3.0,52.0
0.7166256904602051,,,-481.0,426.0,1455.0,-2.0,1.0,56.0
0.7617976665496826,,,-822.0,196.0,1480.0,-2.0,0.0,39.0
0.806943416595459,,,-575.0,-133.0,1082.0,-2.0,0.0,25.0
0.8518922328948975,,,-499.0,-329.0,587.0,5.0,-4.0,13.0
0.8969597816467285,,,-764.0,-544.0,573.0,11.0,-2.0,2.0
0.9418771266937256,,,-953.0,-551.0,1077.0,8.0,-2.0,-23.0
0.9870264530181885,,,-840.0,-96.0,1697.0,3.0,-4.0,-46.0
1.032135009765625,,,-180.0,552.0,1633.0,0.0,-5.0,-41.0
1.0773568153381348,,,356.0,787.0,1068.0,3.0,-4.0,-10.0
1.1223397254943848,,,58.0,530.0,840.0,4.0,-5.0,13.0
1.1672134399414062,,,-258.0,9.0,869.0,4.0,-7.0,14.0
1.212259292602539,,,-484.0,-504.0,1174.0,5.0,-10.0,-1.0
1.2573680877685547,,,-323.0,-584.0,1195.0,6.0,-8.0,-9.0
1.3023912906646729,,,-91.0,-255.0,1301.0,3.0,-7.0,-8.0
1.3475215435028076,,,49.0,-343.0,1090.0,-1.0,-5.0,-4.0
1.3924939632415771,,,49.0,-513.0,853.0,-5.0,-1.0,-11.0
1.43780517578125,,,-68.0,-313.0,979.0,-5.0,-4.0,-22.0
1.4827818870544434,,,-377.0,-116.0,1664.0,-4.0,-1.0,-24.0
1.527674674987793,,,309.0,-194.0,1587.0,-11.0,3.0,-18.0
1.5728199481964111,,,685.0,-117.0,1481.0,-15.0,-2.0,-20.0
1.6177942752838135,,,452.0,274.0,1510.0,-15.0,1.0,-20.0
1.6628892421722412,,,551.0,344.0,1498.0,-16.0,1.0,-17.0
1.7078633308410645,,,561.0,268.0,1595.0,-14.0,4.0,-15.0
1.7529399394989014,,,509.0,110.0,2014.0,-13.0,6.0,-14.0
1.7981717586517334,,,621.0,-40.0,1891.0,-9.0,5.0,-13.0
1.8430891036987305,,,729.0,-124.0,1722.0,-6.0,3.0,-10.0
1.888066053390503,,,654.0,-224.0,1469.0,-1.0,3.0,-10.0
1.9331896305084229,,,456.0,-404.0,1473.0,2.0,3.0,-18.0
1.9781501293182373,,,483.0,-367.0,1521.0,5.0,2.0,-24.0
2.0191309452056885,,,524.0,-225.0,1535.0,8.0,2.0,-21.0
2.0641777515411377,,,534.0,-235.0,1649.0,9.0,1.0,-12.0
2.1092567443847656,,,381.0,-306.0,1630.0,13.0,-1.0,-3.0
2.1543424129486084,,,-202.0,-505.0,1665.0,17.0,0.0,4.0
2.1994590759277344,,,-1203.0,-1226.0,1753.0,18.0,2.0,-10.0
2.244464874267578,,,-1175.0,-1569.0,2298.0,2.0,-2.0,-47.0
2.2895593643188477,,,-96.0,-485.0,2336.0,-6.0,-8.0,-41.0
2.3345694541931152,,,563.0,-113.0,1686.0,-4.0,-7.0,-1.0
2.3837928771972656,,,567.0,-282.0,1536.0,-6.0,-5.0,6.0
2.424628734588623,,,540.0,-319.0,1721.0,-8.0,-5.0,4.0
2.469731330871582,,,676.0,-186.0,1957.0,-4.0,-4.0,15.0
2.514753818511963,,,640.0,-451.0,1807.0,0.0,-2.0,34.0
2.5599050521850586,,,168.0,-801.0,1668.0,4.0,-1.0,33.0
2.6049630641937256,,,-84.0,-1355.0,1781.0,4.0,-3.0,7.0
2.65010929107666,,,176.0,-1061.0,1858.0,4.0,-4.0,-7.0
2.6949753761291504,,,557.0,-604.0,1972.0,7.0,-3.0,-1.0
2.756453037261963,,,675.0,-585.0,2105.0,9.0,-1.0,12.0
2.801549196243286,,,587.0,-992.0,2117.0,7.0,-1.0,10.0
2.846555471420288,,,614.0,-1101.0,2084.0,5.0,0.0,2.0
2.8917319774627686,,,635.0,-973.0,2135.0,2.0,2.0,1.0
2.9366023540496826,,,400.0,-754.0,2184.0,1.0,3.0,7.0
2.9817183017730713,,,-142.0,-571.0,2201.0,-3.0,8.0,9.0
3.0267856121063232,,,-1455.0,202.0,2558.0,-2.0,12.0,8.0
3.0717883110046387,,,-2759.0,260.0,2534.0,2.0,-2.0,-1.0
3.1170215606689453,,,-1965.0,-141.0,1398.0,-13.0,-7.0,-14.0
3.1619362831115723,,,-1361.0,240.0,813.0,-15.0,-5.0,-30.0
3.207010507583618,,,-999.0,1131.0,601.0,-16.0,-7.0,-31.0
3.252211093902588,,,-634.0,1635.0,414.0,-9.0,-6.0,-4.0
3.2971341609954834,,,-867.0,897.0,385.0,-9.0,1.0,18.0
3.3420729637145996,,,-1164.0,99.0,712.0,1.0,0.0,13.0
3.387176752090454,,,-1755.0,-490.0,1195.0,1.0,1.0,-20.0
3.43220591545105,,,-1450.0,-108.0,1872.0,-9.0,1.0,-40.0
3.4773709774017334,,,-36.0,364.0,1964.0,-8.0,-1.0,-29.0
3.522275686264038,,,574.0,588.0,1548.0,-1.0,2.0,23.0
3.5675270557403564,,,-23.0,452.0,1221.0,5.0,2.0,47.0
3.612718105316162,,,-873.0,-33.0,1345.0,6.0,1.0,26.0
3.657564640045166,,,-1184.0,-277.0,1401.0,5.0,-2.0,-13.0
3.702562093734741,,,-919.0,-204.0,1297.0,8.0,-4.0,-19.0
3.747692584991455,,,-608.0,-121.0,1416.0,10.0,-2.0,-11.0
3.7926437854766846,,,-602.0,-386.0,1648.0,8.0,-1.0,-9.0
3.837756872177124,,,-722.0,-718.0,1628.0,10.0,-3.0,-19.0
3.882800340652466,,,-647.0,-814.0,1509.0,4.0,-2.0,-33.0
3.9280507564544678,,,-242.0,-438.0,1576.0,-1.0,-3.0,-35.0
3.9730167388916016,,,132.0,-86.0,1596.0,-1.0,-2.0,-21.0
4.0179784297943115,,,141.0,-236.0,1580.0,-2.0,-3.0,-5.0
4.063060283660889,,,-162.0,-457.0,1700.0,-2.0,-2.0,1.0
4.108064651489258,,,-556.0,-788.0,2196.0,-6.0,-3.0,-15.0
4.1532464027404785,,,1.0,-862.0,2329.0,-15.0,-4.0,-25.0
4.198187828063965,,,731.0,-471.0,2233.0,-13.0,-5.0,-14.0
4.243181467056274,,,1041.0,-353.0,1941.0,-12.0,-5.0,9.0
4.28840446472168,,,549.0,-422.0,1839.0,-9.0,-2.0,12.0
4.3333423137664795,,,195.0,-659.0,2092.0,-7.0,-3.0,-7.0
4.378429889678955,,,216.0,-865.0,2340.0,-8.0,-7.0,-24.0
4.419379472732544,,,512.0,-587.0,2541.0,-5.0,-10.0,-25.0
4.4644176959991455,,,838.0,-158.0,2633.0,-6.0,-12.0,-15.0
4.542323112487793,,,860.0,-274.0,2406.0,1.0,-13.0,1.0
4.587186574935913,,,-2024.0,46.0,3314.0,31.0,-30.0,-52.0
4.632274389266968,,,-2488.0,155.0,2869.0,36.0,-26.0,-47.0
4.677493095397949,,,-2681.0,127.0,2473.0,33.0,-26.0,-36.0
4.7225775718688965,,,-2766.0,116.0,1811.0,37.0,-20.0,-20.0
4.767705678939819,,,-3274.0,-171.0,1385.0,36.0,-18.0,-24.0
4.812695503234863,,,-3472.0,-107.0,1485.0,32.0,-14.0,-22.0
4.857697248458862,,,-3436.0,64.0,1429.0,30.0,-5.0,-22.0
4.90266489982605,,,-3657.0,-3.0,1855.0,17.0,-5.0,-24.0
4.947628021240234,,,-2729.0,338.0,1865.0,15.0,-1.0,-5.0
4.992741584777832,,,-2785.0,370.0,1856.0,13.0,2.0,8.0
5.037907123565674,,,-3394.0,-341.0,1670.0,6.0,5.0,-20.0
5.082941770553589,,,-2799.0,-375.0,2304.0,-3.0,6.0,-28.0
5.128063440322876,,,-1986.0,-157.0,2836.0,-1.0,5.0,-5.0
5.173118352890015,,,-2025.0,-420.0,2542.0,-8.0,3.0,5.0
5.218016862869263,,,-1821.0,-569.0,2451.0,-12.0,2.0,13.0
5.26308012008667,,,-997.0,-14.0,3189.0,-4.0,-6.0,19.0
5.308140277862549,,,-825.0,347.0,3548.0,0.0,-7.0,39.0
5.3532538414001465,,,-983.0,858.0,2978.0,1.0,1.0,53.0
5.398427248001099,,,-1084.0,-82.0,2781.0,7.0,-7.0,7.0
5.4432713985443115,,,-1034.0,266.0,2361.0,-7.0,4.0,3.0
5.488507509231567,,,-645.0,-212.0,3002.0,5.0,-3.0,-9.0
5.578594446182251,,,-633.0,427.0,3259.0,-4.0,-3.0,-1.0
5.623477935791016,,,-291.0,459.0,3223.0,11.0,-5.0,11.0
5.6644814014434814,,,-732.0,92.0,3110.0,-2.0,-5.0,5.0
5.709510803222656,,,-76.0,230.0,3031.0,7.0,-5.0,8.0
5.771076440811157,,,-318.0,11.0,2794.0,-3.0,-1.0,13.0
5.820193529129028,,,-214.0,116.0,3115.0,3.0,-5.0,0.0
5.861164808273315,,,-170.0,-53.0,2993.0,3.0,-4.0,7.0
5.906249046325684,,,-321.0,156.0,3017.0,5.0,-5.0,6.0
5.95118522644043,,,-391.0,43.0,2947.0,-2.0,-2.0,7.0
5.996198892593384,,,-197.0,-14.0,2863.0,4.0,-1.0,4.0
6.041388988494873,,,-394.0,-170.0,2780.0,-2.0,0.0,2.0
6.086400032043457,,,-324.0,18.0,3006.0,1.0,-3.0,-7.0
6.131464719772339,,,-274.0,218.0,3076.0,-3.0,-1.0,3.0
6.180616140365601,,,-226.0,147.0,3054.0,0.0,1.0,2.0
6.221476793289185,,,-298.0,-172.0,3004.0,-2.0,-1.0,2.0
6.266577959060669,,,-183.0,-46.0,3150.0,1.0,-2.0,-6.0
6.3117804527282715,,,-149.0,78.0,2956.0,1.0,-1.0,2.0
6.35678768157959,,,-198.0,-48.0,3128.0,1.0,-2.0,-5.0
6.401944875717163,,,-144.0,221.0,3071.0,2.0,0.0,2.0
6.4468278884887695,,,-117.0,-40.0,2902.0,-1.0,0.0,0.0
6.49201512336731,,,-196.0,111.0,3131.0,3.0,0.0,-8.0
6.537036418914795,,,-251.0,55.0,3126.0,0.0,2.0,-4.0
6.582064628601074,,,-137.0,56.0,3292.0,0.0,2.0,-6.0
6.627152919769287,,,-248.0,68.0,3199.0,2.0,-1.0,2.0
6.6721110343933105,,,-82.0,36.0,3063.0,1.0,1.0,-1.0
6.721309185028076,,,-254.0,-166.0,2956.0,0.0,0.0,-4.0
6.762343883514404,,,-95.0,52.0,2931.0,0.0,4.0,-4.0
6.807415246963501,,,-110.0,83.0,3308.0,-1.0,-1.0,-3.0
6.852359771728516,,,-72.0,148.0,3023.0,4.0,0.0,2.0
6.897327184677124,,,-201.0,-33.0,2980.0,0.0,1.0,-2.0
6.942363977432251,,,-25.0,48.0,3113.0,-1.0,1.0,0.0
6.987497329711914,,,2.0,-41.0,2934.0,-5.0,5.0,0.0
7.036543369293213,,,-20.0,8.0,3358.0,1.0,0.0,-3.0
7.077662706375122,,,8.0,169.0,3179.0,5.0,2.0,-3.0
7.147380590438843,,,-30.0,141.0,2984.0,4.0,-1.0,3.0
7.179999589920044,,,-56.0,-61.0,2968.0,2.0,2.0,11.0
7.225036382675171,,,-205.0,-162.0,2612.0,2.0,2.0,-7.0
7.27826189994812,,,-115.0,-240.0,2895.0,2.0,2.0,-9.0
7.323378801345825,,,135.0,111.0,3439.0,2.0,-2.0,3.0
7.360267162322998,,,-7.0,79.0,2911.0,1.0,1.0,9.0
7.417662143707275,,,-157.0,-56.0,3138.0,-4.0,-4.0,-1.0
7.454401254653931,,,69.0,104.0,2960.0,1.0,1.0,-1.0
7.5035834312438965,,,61.0,89.0,3020.0,-3.0,-1.0,8.0
7.544552803039551,,,-34.0,-128.0,3154.0,2.0,-1.0,2.0
7.58967399597168,,,-137.0,-42.0,2724.0,-1.0,0.0,-2.0
7.634622573852539,,,32.0,40.0,3024.0,0.0,-1.0,-2.0
7.683916330337524,,,-46.0,76.0,3119.0,0.0,1.0,4.0
7.733210563659668,,,-31.0,-5.0,3019.0,-2.0,-1.0,-3.0
7.765734672546387,,,7.0,-22.0,3049.0,-2.0,-2.0,-1.0
7.814952373504639,,,11.0,203.0,3259.0,0.0,-1.0,-4.0
7.855936288833618,,,126.0,224.0,2974.0,0.0,1.0,9.0
7.900876760482788,,,-53.0,-34.0,3035.0,-1.0,-1.0,1.0
7.945818185806274,,,-154.0,-119.0,3105.0,-4.0,-1.0,-7.0
7.990966558456421,,,362.0,250.0,3027.0,0.0,-1.0,6.0
8.044219017028809,,,-182.0,-242.0,3024.0,-2.0,-1.0,5.0
8.081272602081299,,,-6.0,113.0,3126.0,0.0,-2.0,-10.0
8.126248359680176,,,133.0,243.0,2875.0,-4.0,-1.0,11.0
8.171303033828735,,,-43.0,-38.0,3012.0,0.0,-3.0,-2.0
8.216248512268066,,,-134.0,187.0,3091.0,-4.0,-1.0,-2.0
8.261309146881104,,,209.0,33.0,3092.0,1.0,-1.0,2.0
8.30626654624939,,,-137.0,-108.0,3147.0,-3.0,-3.0,-2.0
8.351395606994629,,,103.0,196.0,2967.0,0.0,-2.0,1.0
8.396441221237183,,,-178.0,8.0,2831.0,-2.0,0.0,5.0
8.441667556762695,,,-71.0,37.0,3015.0,-1.0,-1.0,-8.0
8.486712217330933,,,62.0,102.0,3101.0,-2.0,0.0,-1.0
8.531722784042358,,,80.0,80.0,3332.0,2.0,-6.0,2.0
8.576740264892578,,,30.0,104.0,3113.0,2.0,-2.0,5.0
8.62170696258545,,,-273.0,-185.0,3067.0,0.0,2.0,-9.0
8.765161275863647,,,-459.0,-37.0,3650.0,4.0,-3.0,-36.0
8.802098751068115,,,66.0,-113.0,3047.0,3.0,-8.0,-23.0
8.847137928009033,,,-168.0,251.0,3477.0,8.0,-10.0,-5.0
8.892134189605713,,,-636.0,173.0,2840.0,7.0,-8.0,-6.0
8.937079429626465,,,-1110.0,82.0,2421.0,5.0,-4.0,-3.0
8.982128143310547,,,-1370.0,-149.0,2318.0,0.0,-2.0,-10.0
9.027213096618652,,,-1776.0,-211.0,2577.0,-7.0,1.0,-10.0
9.121542930603027,,,-1770.0,-447.0,2507.0,-22.0,4.0,-15.0
9.16240644454956,,,-1602.0,-406.0,2495.0,-32.0,6.0,-4.0
9.207586526870728,,,-1473.0,-476.0,2796.0,-44.0,-2.0,9.0
9.25266695022583,,,-591.0,1185.0,2993.0,-38.0,3.0,49.0
9.297579526901245,,,-527.0,770.0,2626.0,-33.0,9.0,55.0
9.342554330825806,,,-888.0,478.0,2100.0,-32.0,14.0,40.0
9.387599468231201,,,-176.0,187.0,2609.0,-33.0,17.0,23.0
9.432806491851807,,,536.0,431.0,3304.0,-30.0,19.0,28.0
9.478034734725952,,,1710.0,123.0,3250.0,-34.0,18.0,40.0
9.522990465164185,,,2156.0,455.0,3767.0,-26.0,18.0,44.0
9.5680570602417,,,2173.0,-102.0,3205.0,-30.0,18.0,36.0
9.612914085388184,,,2489.0,-49.0,2894.0,-24.0,11.0,29.0
9.658079862594604,,,2184.0,79.0,2514.0,-24.0,19.0,33.0
9.703071117401123,,,2955.0,221.0,3084.0,-17.0,12.0,13.0
9.748072385787964,,,2614.0,16.0,3097.0,-20.0,11.0,24.0
9.793175458908081,,,3251.0,289.0,2554.0,-8.0,6.0,26.0
9.838228940963745,,,1701.0,-51.0,2511.0,-13.0,18.0,34.0
9.883257627487183,,,2163.0,-199.0,3183.0,-11.0,8.0,6.0
9.928421020507812,,,1826.0,-142.0,3380.0,-15.0,1.0,-3.0
9.973463773727417,,,1922.0,363.0,2646.0,-19.0,1.0,-5.0
10.018366813659668,,,2438.0,926.0,2489.0,-23.0,-3.0,3.0
10.063467025756836,,,2883.0,1007.0,1790.0,-16.0,-3.0,8.0
10.108467817306519,,,2885.0,1200.0,1520.0,-14.0,0.0,15.0
10.182372570037842,,,2892.0,1471.0,1158.0,-3.0,6.0,27.0
10.227309942245483,,,2621.0,1322.0,1043.0,2.0,10.0,44.0
10.272354125976562,,,2445.0,1126.0,789.0,12.0,14.0,58.0
10.317609548568726,,,1723.0,1132.0,1388.0,22.0,20.0,57.0
10.36255955696106,,,1229.0,759.0,2254.0,28.0,18.0,48.0
10.407644987106323,,,642.0,637.0,2393.0,37.0,15.0,50.0
10.452761173248291,,,634.0,249.0,3012.0,34.0,8.0,32.0
10.497706651687622,,,1308.0,846.0,2568.0,28.0,3.0,17.0
10.542655944824219,,,1561.0,1531.0,1329.0,28.0,-7.0,52.0
10.58780312538147,,,225.0,1776.0,841.0,52.0,-9.0,96.0
10.63272213935852,,,-1180.0,-175.0,1962.0,47.0,4.0,85.0
10.682013750076294,,,-736.0,-1604.0,2661.0,31.0,-1.0,26.0
10.722944498062134,,,-179.0,-1528.0,2369.0,17.0,-11.0,-33.0
10.768105506896973,,,-222.0,-275.0,1604.0,3.0,-6.0,-32.0
10.813210010528564,,,-2.0,794.0,1015.0,2.0,-5.0,8.0
10.85815978050232,,,-374.0,426.0,1103.0,3.0,-2.0,21.0
10.903221130371094,,,-274.0,13.0,1305.0,-7.0,0.0,3.0
10.948124170303345,,,-243.0,-74.0,1209.0,-11.0,-2.0,-19.0
10.99333906173706,,,-332.0,279.0,815.0,-13.0,2.0,-21.0
11.050645112991333,,,-177.0,579.0,787.0,-13.0,1.0,-11.0
11.09572172164917,,,-544.0,675.0,2033.0,-8.0,5.0,-22.0
11.140789985656738,,,385.0,554.0,3336.0,-17.0,4.0,-44.0
11.185867309570312,,,1677.0,859.0,2822.0,-27.0,4.0,-21.0
11.234899520874023,,,1818.0,934.0,2057.0,-19.0,0.0,7.0
11.275896072387695,,,1486.0,362.0,1488.0,-19.0,-2.0,3.0
11.321079969406128,,,1472.0,59.0,1447.0,-16.0,-4.0,-23.0
11.365981101989746,,,1435.0,343.0,1671.0,-14.0,-3.0,-31.0
11.41117525100708,,,1828.0,842.0,1709.0,-15.0,-3.0,-18.0
11.456085920333862,,,1822.0,659.0,1792.0,-10.0,-3.0,-3.0
11.501104831695557,,,1710.0,208.0,1918.0,-9.0,-1.0,-11.0
11.546142101287842,,,1419.0,112.0,2261.0,-10.0,-2.0,-25.0
11.591258764266968,,,1503.0,218.0,2224.0,-14.0,-2.0,-25.0
11.636444807052612,,,1966.0,521.0,1713.0,-11.0,-1.0,-13.0
11.681488990783691,,,2141.0,593.0,1029.0,-11.0,0.0,-3.0
11.72637414932251,,,2026.0,565.0,567.0,-10.0,2.0,2.0
11.771569013595581,,,1896.0,1011.0,493.0,-8.0,5.0,12.0
11.832927227020264,,,1038.0,1581.0,884.0,-2.0,11.0,35.0
11.878107786178589,,,-5.0,1456.0,1414.0,21.0,4.0,49.0
11.923101663589478,,,-424.0,417.0,1728.0,17.0,2.0,51.0
11.980516195297241,,,-1068.0,-42.0,2382.0,25.0,-2.0,37.0
12.025378942489624,,,-1758.0,-781.0,3184.0,26.0,-5.0,16.0
12.070359706878662,,,-1199.0,-623.0,2964.0,12.0,-8.0,-4.0
12.11567759513855,,,-465.0,-206.0,1927.0,8.0,-17.0,-4.0
12.160675048828125,,,-747.0,335.0,732.0,10.0,-16.0,3.0
12.20578145980835,,,-1191.0,141.0,340.0,9.0,-13.0,11.0
12.250796794891357,,,-1015.0,-659.0,477.0,1.0,-6.0,0.0
12.295798301696777,,,-784.0,-713.0,905.0,2.0,-7.0,-20.0
12.340800046920776,,,-1522.0,-3.0,2662.0,1.0,4.0,-30.0
12.38590145111084,,,198.0,-63.0,3020.0,-15.0,14.0,-16.0
12.430827379226685,,,1519.0,9.0,2071.0,-17.0,4.0,7.0
12.476004600524902,,,1147.0,43.0,1386.0,-16.0,-4.0,0.0
12.520952463150024,,,561.0,-96.0,1407.0,-14.0,1.0,-16.0
12.56651520729065,,,740.0,159.0,2193.0,-8.0,5.0,-27.0
12.611276388168335,,,1380.0,59.0,2385.0,-9.0,3.0,-15.0
12.656208515167236,,,1166.0,-108.0,2068.0,-7.0,-1.0,-8.0
12.701209306716919,,,630.0,-437.0,1966.0,-8.0,1.0,-24.0
12.746204614639282,,,501.0,-226.0,2155.0,-9.0,1.0,-44.0
12.791264057159424,,,650.0,7.0,2328.0,-11.0,2.0,-44.0
12.836315870285034,,,943.0,158.0,2344.0,-14.0,2.0,-31.0
12.881496906280518,,,1194.0,36.0,2148.0,-18.0,0.0,-29.0
12.942988157272339,,,1468.0,382.0,1898.0,-20.0,-2.0,-28.0
12.987948179244995,,,1797.0,866.0,1444.0,-17.0,-1.0,-10.0
13.033314228057861,,,2193.0,951.0,1070.0,-11.0,1.0,16.0
13.07812786102295,,,2207.0,910.0,791.0,-4.0,5.0,37.0
13.12309718132019,,,1727.0,879.0,678.0,5.0,10.0,51.0
13.168269634246826,,,514.0,1101.0,1087.0,22.0,12.0,72.0
13.213356971740723,,,-1130.0,333.0,1613.0,28.0,6.0,79.0
13.258310556411743,,,-1934.0,-747.0,2016.0,28.0,3.0,41.0
13.303319215774536,,,-1809.0,-940.0,2336.0,29.0,3.0,2.0
13.348311185836792,,,-1058.0,-514.0,2291.0,28.0,-1.0,-7.0
13.393417358398438,,,-410.0,33.0,1866.0,25.0,-1.0,16.0
13.438449382781982,,,-621.0,-422.0,1891.0,17.0,-2.0,33.0
13.483642578125,,,-859.0,-415.0,1532.0,14.0,-4.0,21.0
13.528834581375122,,,-991.0,-673.0,1032.0,5.0,-6.0,10.0
13.573689460754395,,,-1174.0,-319.0,632.0,0.0,-4.0,-1.0
13.61870813369751,,,-1306.0,71.0,639.0,0.0,-1.0,-5.0
13.66378116607666,,,-1062.0,363.0,848.0,1.0,-4.0,-2.0
13.708804368972778,,,-1223.0,150.0,1013.0,1.0,-1.0,0.0
13.753949642181396,,,-1043.0,-1.0,1224.0,2.0,-4.0,-2.0
13.799196004867554,,,-922.0,-229.0,1477.0,3.0,-4.0,-7.0
13.844008684158325,,,-465.0,-271.0,1995.0,0.0,-4.0,-16.0
13.889163255691528,,,302.0,69.0,2272.0,-7.0,-7.0,-17.0
13.934208631515503,,,455.0,321.0,2115.0,-7.0,0.0,-2.0
13.979069948196411,,,533.0,41.0,2040.0,-7.0,-4.0,3.0
14.024195432662964,,,767.0,-498.0,1582.0,-4.0,-6.0,-8.0
14.069198846817017,,,1002.0,-416.0,1674.0,-1.0,-8.0,-27.0
14.110109806060791,,,1212.0,152.0,1974.0,-6.0,-4.0,-30.0
14.15529751777649,,,1659.0,926.0,2117.0,-10.0,1.0,-15.0
14.200380086898804,,,1548.0,947.0,2215.0,-11.0,-3.0,-6.0
14.245309829711914,,,1540.0,705.0,1805.0,-11.0,-6.0,0.0
14.306894540786743,,,1053.0,572.0,1579.0,-9.0,-7.0,-3.0
14.351888418197632,,,1078.0,789.0,1645.0,-10.0,-7.0,-10.0
14.397383689880371,,,1243.0,1259.0,1594.0,-10.0,-5.0,-1.0
14.442139625549316,,,1228.0,1568.0,1304.0,-8.0,-6.0,11.0
14.48721957206726,,,1173.0,1585.0,844.0,-8.0,-5.0,24.0
14.532260417938232,,,971.0,1520.0,434.0,-2.0,-1.0,36.0
14.577151775360107,,,409.0,1315.0,434.0,8.0,2.0,45.0
14.622172355651855,,,-64.0,844.0,1118.0,13.0,2.0,41.0
14.667219400405884,,,-897.0,294.0,1776.0,22.0,4.0,31.0
14.712288856506348,,,-960.0,-338.0,2446.0,24.0,5.0,14.0
14.757545709609985,,,-453.0,-241.0,2580.0,16.0,4.0,0.0
14.802454471588135,,,-81.0,437.0,2031.0,18.0,0.0,8.0
14.847561120986938,,,-90.0,812.0,1206.0,21.0,0.0,30.0
14.892633199691772,,,-159.0,863.0,1118.0,25.0,1.0,43.0
14.937681674957275,,,-338.0,100.0,1590.0,32.0,-2.0,49.0
14.982837200164795,,,-529.0,-922.0,1676.0,29.0,0.0,33.0
15.027739763259888,,,-533.0,-1317.0,1933.0,16.0,-4.0,6.0
15.072680234909058,,,-359.0,-440.0,1935.0,11.0,-11.0,-11.0
15.118032932281494,,,-345.0,155.0,1333.0,6.0,-11.0,3.0
15.163030624389648,,,-666.0,-67.0,1008.0,4.0,-8.0,14.0
15.208046913146973,,,-691.0,-323.0,928.0,-5.0,-9.0,0.0
15.253052949905396,,,-839.0,-318.0,811.0,-4.0,-9.0,-15.0
15.298094511032104,,,-907.0,-121.0,703.0,-10.0,-9.0,-16.0
15.34315037727356,,,-1092.0,-101.0,732.0,-6.0,-8.0,-11.0
15.388108253479004,,,-1041.0,-462.0,871.0,-9.0,-4.0,-17.0
15.433209657669067,,,-990.0,-681.0,1305.0,-10.0,-5.0,-35.0
15.478345394134521,,,-975.0,-612.0,1887.0,-9.0,-10.0,-51.0
15.523410320281982,,,-434.0,21.0,2346.0,-21.0,-7.0,-44.0
15.568480968475342,,,226.0,1021.0,2275.0,-21.0,-8.0,-28.0
15.613479852676392,,,579.0,1006.0,2030.0,-20.0,-5.0,-14.0
15.658511877059937,,,1277.0,720.0,1650.0,-14.0,-2.0,-9.0
15.703435182571411,,,1480.0,264.0,1501.0,-8.0,3.0,-7.0
15.748506784439087,,,1574.0,127.0,1789.0,-4.0,2.0,-12.0
15.793659687042236,,,1583.0,282.0,1926.0,-3.0,1.0,-12.0
15.838740587234497,,,1570.0,783.0,2049.0,0.0,1.0,-3.0
15.883810043334961,,,1639.0,1163.0,1955.0,2.0,-1.0,10.0
15.928890466690063,,,2191.0,1533.0,1548.0,-6.0,1.0,27.0
15.973939657211304,,,1209.0,2041.0,832.0,-1.0,-1.0,79.0
16.03109121322632,,,-1477.0,459.0,983.0,4.0,-17.0,85.0
16.076224088668823,,,-3549.0,-1220.0,2016.0,26.0,-13.0,45.0
16.121432542800903,,,-2311.0,-2743.0,2365.0,10.0,5.0,-37.0
16.16674828529358,,,-1196.0,-1288.0,2214.0,-15.0,-7.0,-79.0
16.211511850357056,,,-870.0,717.0,985.0,-5.0,-10.0,-37.0
16.26462745666504,,,-1255.0,982.0,359.0,-6.0,-2.0,16.0
16.30165195465088,,,-1304.0,-197.0,182.0,-8.0,0.0,19.0
16.346628665924072,,,-1262.0,-1071.0,434.0,-3.0,-6.0,-30.0
16.39162302017212,,,-1292.0,-698.0,951.0,-10.0,-12.0,-55.0
16.453163146972656,,,-864.0,308.0,2626.0,-12.0,-5.0,-54.0
16.49817442893982,,,438.0,1206.0,3732.0,-14.0,-1.0,-13.0
16.543198108673096,,,1170.0,955.0,3576.0,-15.0,1.0,28.0
16.588173627853394,,,1500.0,253.0,3178.0,-15.0,-2.0,20.0
16.63326144218445,,,1861.0,311.0,2344.0,-19.0,-9.0,1.0
16.678359508514404,,,1835.0,1276.0,2150.0,-6.0,-9.0,7.0
16.723424434661865,,,1556.0,1209.0,2693.0,8.0,-8.0,34.0
16.768548488616943,,,1565.0,421.0,2534.0,1.0,-18.0,36.0
16.81361174583435,,,987.0,391.0,2189.0,5.0,-24.0,5.0
16.870809078216553,,,758.0,776.0,2499.0,8.0,-18.0,0.0
16.903512716293335,,,1383.0,1196.0,2310.0,6.0,-17.0,13.0
16.94862151145935,,,494.0,1406.0,1597.0,2.0,-20.0,28.0
16.993844509124756,,,-853.0,1015.0,255.0,2.0,-25.0,43.0
17.03876781463623,,,-2879.0,17.0,365.0,17.0,-17.0,38.0
17.083942651748657,,,-3750.0,-1541.0,2127.0,17.0,0.0,-12.0
17.128934621810913,,,-1936.0,-1068.0,2634.0,-3.0,3.0,-58.0
17.17401099205017,,,-1133.0,406.0,1737.0,-4.0,-7.0,-52.0
17.218992710113525,,,-1419.0,1579.0,725.0,-7.0,-2.0,-6.0
17.27643084526062,,,-1763.0,1342.0,711.0,-5.0,7.0,17.0
17.321470499038696,,,-1551.0,464.0,2008.0,-8.0,10.0,-6.0
17.366654872894287,,,-338.0,685.0,2592.0,-20.0,9.0,-24.0
17.411473989486694,,,960.0,1273.0,1506.0,-17.0,13.0,15.0
17.456570386886597,,,1161.0,664.0,1432.0,0.0,21.0,41.0
17.501569509506226,,,1003.0,-455.0,2678.0,5.0,21.0,13.0
17.546608209609985,,,1327.0,-242.0,3239.0,0.0,13.0,-13.0
17.591728448867798,,,1716.0,280.0,2747.0,-2.0,8.0,3.0
17.636845588684082,,,1554.0,429.0,2273.0,0.0,7.0,10.0
17.681824445724487,,,1079.0,-58.0,2358.0,-2.0,2.0,0.0
17.726964473724365,,,1006.0,-36.0,2187.0,-5.0,0.0,-16.0
17.788506746292114,,,801.0,514.0,1951.0,-2.0,0.0,-9.0
17.83326554298401,,,757.0,310.0,1927.0,-2.0,3.0,-1.0
17.87840986251831,,,576.0,18.0,1972.0,0.0,3.0,-5.0
17.92360258102417,,,348.0,-82.0,2116.0,-1.0,3.0,-13.0
17.96866011619568,,,409.0,82.0,2079.0,0.0,4.0,-7.0
18.013623476028442,,,246.0,23.0,2088.0,0.0,3.0,-2.0
18.058695554733276,,,-49.0,-195.0,2023.0,2.0,2.0,-5.0
18.103678941726685,,,-194.0,-162.0,1944.0,-1.0,4.0,-9.0
18.14879870414734,,,-115.0,-135.0,1791.0,1.0,1.0,-9.0
18.193732023239136,,,-212.0,-184.0,1585.0,2.0,5.0,-6.0
18.238900899887085,,,-312.0,-226.0,1863.0,2.0,4.0,-7.0
18.28398060798645,,,-165.0,-388.0,1872.0,-1.0,2.0,-7.0
18.329082250595093,,,-355.0,-148.0,1803.0,0.0,2.0,-4.0
18.37411093711853,,,-330.0,-365.0,1578.0,-1.0,3.0,-2.0
18.41907000541687,,,-414.0,-388.0,1662.0,1.0,3.0,-10.0
18.464038372039795,,,-279.0,-348.0,1686.0,-3.0,5.0,-11.0
18.50918197631836,,,-176.0,-173.0,1740.0,1.0,3.0,-6.0
18.55413579940796,,,-298.0,-200.0,1665.0,0.0,3.0,-2.0
18.599604845046997,,,-295.0,-156.0,1697.0,0.0,3.0,-4.0
18.64443874359131,,,-191.0,-353.0,1559.0,3.0,2.0,-2.0
18.689523458480835,,,-137.0,-353.0,1526.0,2.0,5.0,-2.0
18.73463225364685,,,-148.0,-374.0,1637.0,4.0,5.0,-1.0
18.779572248458862,,,-123.0,-614.0,1793.0,2.0,6.0,-5.0
18.82469153404236,,,21.0,-242.0,1867.0,1.0,4.0,-2.0
18.86963438987732,,,57.0,-146.0,1891.0,3.0,4.0,4.0
18.914729833602905,,,-22.0,-512.0,2059.0,5.0,3.0,2.0
18.959750652313232,,,204.0,-950.0,1861.0,3.0,3.0,-9.0
19.000776290893555,,,223.0,-559.0,1793.0,0.0,0.0,-12.0
19.045814990997314,,,281.0,-229.0,1666.0,1.0,3.0,-8.0
19.090938329696655,,,140.0,-142.0,1838.0,1.0,1.0,-3.0
19.135884523391724,,,99.0,-508.0,1691.0,1.0,2.0,-4.0
19.18096899986267,,,-5.0,-444.0,1786.0,0.0,1.0,-10.0
19.22596025466919,,,105.0,-183.0,1844.0,-1.0,1.0,-8.0
19.27098250389099,,,223.0,19.0,1979.0,1.0,-1.0,1.0
19.316356897354126,,,319.0,-52.0,1939.0,1.0,-3.0,8.0
19.361160278320312,,,189.0,-129.0,1882.0,1.0,-6.0,9.0
19.406328678131104,,,151.0,-109.0,1870.0,4.0,-6.0,11.0
19.45134663581848,,,66.0,-54.0,1990.0,3.0,-8.0,12.0
19.500402212142944,,,-18.0,-61.0,1870.0,3.0,-7.0,15.0
19.54133105278015,,,-138.0,-233.0,1866.0,2.0,-7.0,12.0
19.586384773254395,,,-107.0,-11.0,1662.0,-1.0,-9.0,8.0
19.63145422935486,,,-405.0,110.0,1424.0,1.0,-10.0,10.0
19.67653250694275,,,-1034.0,66.0,1432.0,6.0,-6.0,8.0
19.721654415130615,,,-915.0,-210.0,1578.0,2.0,-3.0,-3.0
19.766545295715332,,,-563.0,-109.0,1430.0,3.0,-1.0,-7.0
19.811777591705322,,,-427.0,-108.0,1433.0,0.0,-4.0,0.0
19.85673689842224,,,-439.0,-218.0,1334.0,3.0,-1.0,0.0
19.901800870895386,,,-530.0,-463.0,1495.0,4.0,2.0,-11.0
19.94685435295105,,,-419.0,-475.0,1785.0,0.0,4.0,-22.0
19.991876125335693,,,-2.0,164.0,1992.0,-5.0,3.0,-17.0
20.036867380142212,,,224.0,751.0,1963.0,-5.0,1.0,1.0
20.08209466934204,,,45.0,648.0,1854.0,0.0,1.0,14.0
20.127219915390015,,,-63.0,290.0,1898.0,-1.0,1.0,12.0
20.172247171401978,,,90.0,156.0,1826.0,3.0,-2.0,9.0
20.217314958572388,,,-9.0,58.0,1778.0,6.0,-2.0,11.0
20.262343168258667,,,-11.0,-133.0,1775.0,7.0,-1.0,11.0
20.30723547935486,,,89.0,-367.0,1665.0,4.0,-2.0,3.0
20.352281093597412,,,-3.0,-75.0,1574.0,3.0,-2.0,-2.0
20.405592441558838,,,-54.0,213.0,1753.0,4.0,-2.0,9.0
20.442501068115234,,,-18.0,-40.0,1910.0,6.0,0.0,15.0
20.48751711845398,,,51.0,-446.0,1794.0,1.0,-3.0,5.0
20.532742261886597,,,-35.0,-441.0,1608.0,0.0,-4.0,-7.0
20.5776629447937,,,-304.0,-206.0,1666.0,0.0,-2.0,-10.0
20.62268376350403,,,-159.0,-24.0,1859.0,-1.0,0.0,-12.0
20.667646646499634,,,107.0,175.0,1967.0,-6.0,-2.0,-13.0
20.712814807891846,,,254.0,308.0,1808.0,-7.0,-2.0,-11.0
20.757981538772583,,,0.0,227.0,1847.0,-5.0,0.0,-11.0
20.802839517593384,,,153.0,195.0,1801.0,-9.0,2.0,-17.0
20.848015785217285,,,284.0,461.0,1839.0,-7.0,0.0,-19.0
20.893028497695923,,,402.0,700.0,1783.0,-6.0,1.0,-9.0
20.93810248374939,,,309.0,759.0,1812.0,-3.0,3.0,3.0
20.98321008682251,,,166.0,346.0,1923.0,-1.0,1.0,2.0
21.044681787490845,,,91.0,131.0,1853.0,2.0,1.0,-4.0
21.089643716812134,,,170.0,48.0,1965.0,2.0,1.0,-2.0
21.13475465774536,,,148.0,-67.0,2051.0,3.0,0.0,-2.0
21.179736852645874,,,205.0,-174.0,2130.0,2.0,-2.0,-1.0
21.224874258041382,,,213.0,-135.0,2206.0,1.0,-3.0,-1.0
21.269726514816284,,,179.0,-143.0,2116.0,0.0,-4.0,0.0
21.314852714538574,,,143.0,-99.0,2027.0,0.0,-5.0,1.0
21.359883546829224,,,116.0,-68.0,2104.0,1.0,-5.0,3.0
21.40501618385315,,,58.0,-223.0,2207.0,-2.0,-6.0,0.0
21.44589138031006,,,-84.0,-208.0,1993.0,-2.0,-7.0,-4.0
21.490950345993042,,,-122.0,-91.0,1782.0,-4.0,-6.0,-3.0
21.536041259765625,,,-253.0,137.0,1656.0,2.0,-3.0,-3.0
21.58109951019287,,,-239.0,-64.0,1717.0,1.0,-2.0,-1.0
21.62620759010315,,,-264.0,-77.0,1821.0,3.0,-1.0,0.0
21.671229600906372,,,-190.0,-129.0,1839.0,2.0,-2.0,-1.0
21.716246366500854,,,-322.0,-15.0,1778.0,5.0,-1.0,2.0
21.761430978775024,,,-240.0,-243.0,1821.0,2.0,-1.0,3.0
21.80649757385254,,,-282.0,-304.0,1793.0,5.0,-1.0,-4.0
21.85148310661316,,,-401.0,-245.0,1921.0,4.0,-2.0,-7.0
21.896563291549683,,,-295.0,-419.0,1818.0,4.0,0.0,-6.0
21.941697597503662,,,-326.0,-497.0,1849.0,2.0,0.0,-9.0
21.986650943756104,,,-277.0,-277.0,1927.0,-3.0,-2.0,-13.0
22.03156542778015,,,-215.0,128.0,1840.0,-3.0,-2.0,-6.0
22.076881647109985,,,-306.0,390.0,1821.0,-2.0,1.0,6.0
22.121739864349365,,,-378.0,23.0,1908.0,0.0,4.0,7.0
22.166862726211548,,,-180.0,-383.0,1891.0,0.0,3.0,0.0
22.211894273757935,,,-76.0,-347.0,1946.0,0.0,4.0,-2.0
22.25691533088684,,,-6.0,-155.0,1980.0,1.0,3.0,-1.0
22.301930904388428,,,-14.0,-106.0,1973.0,0.0,3.0,1.0
22.34704303741455,,,11.0,-81.0,1957.0,1.0,2.0,-1.0
22.392138481140137,,,-17.0,-134.0,2033.0,0.0,1.0,-2.0
22.43724298477173,,,12.0,-144.0,2045.0,-1.0,0.0,-3.0
22.482203006744385,,,51.0,-134.0,1944.0,-1.0,0.0,-3.0
22.52719211578369,,,-17.0,-253.0,1884.0,-2.0,0.0,-5.0
22.572458744049072,,,-58.0,-93.0,1977.0,-2.0,0.0,-5.0
22.646037578582764,,,31.0,-115.0,2016.0,-3.0,0.0,-4.0
22.69115686416626,,,49.0,0.0,1925.0,2.0,-1.0,0.0
22.736121654510498,,,-62.0,-76.0,2011.0,1.0,-1.0,1.0
22.78114151954651,,,6.0,-234.0,1954.0,2.0,-1.0,-1.0
22.826210260391235,,,24.0,-210.0,2032.0,0.0,-2.0,-3.0
22.87133526802063,,,65.0,-70.0,2012.0,0.0,-3.0,0.0
22.916357040405273,,,-4.0,-16.0,1898.0,1.0,-2.0,3.0
23.002540588378906,,,-66.0,-154.0,1949.0,0.0,-2.0,2.0
23.039289236068726,,,-84.0,-211.0,1983.0,-1.0,-2.0,-3.0
23.084367275238037,,,-75.0,-144.0,2106.0,-2.0,-2.0,-1.0
23.129350185394287,,,54.0,4.0,2098.0,-3.0,-3.0,2.0
23.174506664276123,,,45.0,81.0,2035.0,-3.0,-3.0,6.0
23.21956777572632,,,-7.0,-33.0,1939.0,-3.0,-3.0,4.0
23.264594316482544,,,-115.0,7.0,1910.0,-3.0,-5.0,3.0
23.309624433517456,,,-77.0,-86.0,2011.0,-2.0,-3.0,1.0
23.354641914367676,,,27.0,-66.0,2292.0,-2.0,-3.0,-5.0
23.399698734283447,,,463.0,-19.0,2160.0,-6.0,-4.0,-1.0
23.444813013076782,,,827.0,40.0,1982.0,-2.0,-2.0,11.0
23.489823818206787,,,765.0,-413.0,2390.0,-4.0,-4.0,11.0
23.534804105758667,,,1202.0,-430.0,2320.0,-4.0,-4.0,0.0
23.579953908920288,,,1226.0,-392.0,2101.0,-7.0,-6.0,-1.0
23.62497067451477,,,1295.0,-452.0,1609.0,-1.0,2.0,-11.0
23.669981718063354,,,1265.0,-540.0,1645.0,-2.0,6.0,-9.0
23.715092420578003,,,1159.0,-618.0,1835.0,2.0,13.0,-9.0
23.756027936935425,,,1089.0,-952.0,2116.0,1.0,18.0,-5.0
23.801162242889404,,,1160.0,-1005.0,2083.0,2.0,23.0,-9.0
23.84628915786743,,,1019.0,-774.0,2121.0,-2.0,25.0,-8.0
23.89125418663025,,,406.0,-700.0,2446.0,3.0,25.0,1.0
23.936253547668457,,,91.0,-1090.0,2803.0,-3.0,21.0,-1.0
23.98129391670227,,,-899.0,-1002.0,3271.0,-2.0,17.0,-22.0
24.02639937400818,,,-1332.0,-181.0,3091.0,-18.0,2.0,-40.0
24.07130455970764,,,-1321.0,900.0,2189.0,-12.0,-1.0,-31.0
24.11655569076538,,,-1408.0,1007.0,1797.0,1.0,4.0,-46.0
24.16165041923523,,,-913.0,794.0,1649.0,2.0,4.0,-42.0
24.21080207824707,,,41.0,-412.0,985.0,-8.0,3.0,-29.0
24.25168776512146,,,539.0,-646.0,146.0,3.0,3.0,-25.0
24.296660661697388,,,633.0,-534.0,287.0,14.0,5.0,-19.0
24.341670274734497,,,-20.0,-888.0,1591.0,20.0,5.0,-30.0
24.386732816696167,,,-148.0,-1336.0,2237.0,14.0,6.0,-29.0
24.43177628517151,,,-73.0,-1374.0,2347.0,18.0,1.0,-30.0
24.477097272872925,,,-377.0,-1309.0,2793.0,-5.0,-11.0,-7.0
24.53838276863098,,,-1219.0,-936.0,3285.0,-16.0,-10.0,8.0
24.583385467529297,,,-1710.0,-1734.0,3317.0,-38.0,2.0,8.0
24.628373384475708,,,-2225.0,-1709.0,2664.0,-21.0,5.0,16.0
24.67348861694336,,,-2775.0,-1999.0,1793.0,-21.0,-4.0,-11.0
24.718524932861328,,,-2471.0,-1638.0,1079.0,-47.0,-2.0,-67.0
24.76360011100769,,,-849.0,-820.0,656.0,-44.0,-3.0,-86.0
24.808768033981323,,,486.0,-477.0,358.0,-24.0,-10.0,-60.0
24.853776454925537,,,521.0,-565.0,828.0,-21.0,-4.0,-13.0
24.898848295211792,,,319.0,-771.0,1209.0,-19.0,2.0,-1.0
24.94375491142273,,,82.0,-1180.0,1833.0,-15.0,1.0,-14.0
24.9888653755188,,,650.0,-1539.0,2019.0,-11.0,-2.0,-24.0
25.034021854400635,,,1306.0,-1257.0,2242.0,-17.0,-2.0,-10.0
25.078993558883667,,,1406.0,-914.0,2298.0,-10.0,1.0,17.0
25.124212741851807,,,1539.0,-1214.0,2541.0,-8.0,-5.0,27.0
25.169050455093384,,,661.0,-1056.0,2719.0,-1.0,-2.0,31.0
25.214301824569702,,,57.0,-895.0,3151.0,4.0,0.0,25.0
25.263381719589233,,,-1961.0,-38.0,4502.0,24.0,7.0,20.0
25.304287910461426,,,-2054.0,-99.0,4127.0,-6.0,-6.0,6.0
25.349332571029663,,,-629.0,1342.0,2401.0,-4.0,-22.0,21.0
25.39441967010498,,,-1043.0,1878.0,1391.0,11.0,-24.0,19.0
25.439327239990234,,,-554.0,1294.0,536.0,13.0,-16.0,25.0
25.484567642211914,,,405.0,1471.0,150.0,9.0,-20.0,22.0
25.52962851524353,,,815.0,2270.0,-463.0,16.0,-17.0,44.0
25.57474970817566,,,-380.0,2544.0,174.0,31.0,-13.0,82.0
25.632020473480225,,,-1581.0,1196.0,1111.0,39.0,-5.0,70.0
25.677106380462646,,,-1392.0,-319.0,2321.0,29.0,-5.0,30.0
25.73855233192444,,,-611.0,-373.0,2615.0,22.0,-12.0,4.0
25.78343176841736,,,-527.0,-244.0,2199.0,19.0,-9.0,4.0
25.828532218933105,,,-387.0,9.0,2216.0,9.0,-8.0,7.0
25.873615741729736,,,-740.0,-173.0,2438.0,1.0,-12.0,4.0
25.918737411499023,,,-833.0,-315.0,2474.0,-11.0,-20.0,-20.0
25.963643312454224,,,-2029.0,130.0,3645.0,-22.0,-15.0,-37.0
26.00881600379944,,,-274.0,526.0,3818.0,-43.0,-15.0,-35.0
26.053966999053955,,,1097.0,393.0,2112.0,-21.0,-13.0,4.0
26.098907232284546,,,252.0,-187.0,1192.0,-11.0,-13.0,27.0
26.152008533477783,,,-893.0,-399.0,1063.0,-15.0,-7.0,8.0
26.188902854919434,,,-538.0,-235.0,2090.0,-16.0,-10.0,-42.0
26.233955144882202,,,461.0,-11.0,1795.0,-7.0,-15.0,-42.0
26.279110193252563,,,937.0,-75.0,1348.0,-2.0,-17.0,-3.0
26.336432933807373,,,23.0,200.0,1376.0,7.0,-5.0,25.0
26.381405353546143,,,-458.0,-639.0,2524.0,5.0,-7.0,-17.0
26.4264976978302,,,-256.0,-803.0,2458.0,6.0,-5.0,-33.0
26.47160315513611,,,349.0,-1029.0,2483.0,8.0,-8.0,-25.0
26.51661705970764,,,300.0,-575.0,2379.0,11.0,-6.0,-12.0
26.561790704727173,,,389.0,-890.0,3044.0,8.0,-8.0,-10.0
26.606852054595947,,,78.0,-1124.0,2703.0,11.0,-13.0,-14.0
26.651824951171875,,,-661.0,-1188.0,2986.0,8.0,-12.0,-29.0
26.696973085403442,,,-749.0,-1676.0,2890.0,4.0,-9.0,-60.0
26.741875648498535,,,207.0,-1400.0,3858.0,5.0,-18.0,-74.0
26.786892652511597,,,148.0,-760.0,3991.0,18.0,-23.0,-53.0
26.832024574279785,,,-1566.0,-432.0,4432.0,18.0,-21.0,-50.0
26.877259016036987,,,-2541.0,-260.0,4013.0,22.0,-24.0,-62.0
26.922159671783447,,,-3528.0,122.0,2881.0,20.0,-19.0,-72.0
26.96742272377014,,,-2827.0,670.0,2022.0,23.0,-20.0,-71.0
27.024652242660522,,,-2473.0,869.0,1334.0,27.0,-11.0,-42.0
27.065487384796143,,,-3278.0,774.0,1332.0,29.0,-3.0,-23.0
27.102424383163452,,,-3179.0,-154.0,1690.0,17.0,3.0,-26.0
27.147387266159058,,,-2870.0,-369.0,1353.0,28.0,3.0,-34.0
27.192466735839844,,,-2841.0,-662.0,1872.0,7.0,2.0,-33.0
27.2416729927063,,,-2126.0,-226.0,2141.0,17.0,5.0,-3.0
27.28268313407898,,,-2811.0,-656.0,1974.0,5.0,2.0,-6.0
27.327746152877808,,,-2346.0,-855.0,2291.0,8.0,3.0,-12.0
27.372745752334595,,,-2532.0,-909.0,2716.0,3.0,3.0,-19.0
27.41776180267334,,,-2348.0,-747.0,2830.0,-1.0,6.0,-9.0
27.462741136550903,,,-2218.0,-1446.0,2622.0,-18.0,5.0,10.0
27.507826805114746,,,-734.0,-138.0,3677.0,2.0,4.0,26.0
27.552884817123413,,,-883.0,-203.0,4070.0,4.0,-15.0,-16.0
27.60224151611328,,,-545.0,400.0,4019.0,6.0,-19.0,17.0
27.642993688583374,,,-973.0,-1.0,2208.0,4.0,-6.0,56.0
27.68817400932312,,,-1296.0,-1172.0,1922.0,-9.0,-3.0,-15.0
27.733619928359985,,,-443.0,-386.0,2592.0,-4.0,1.0,4.0
27.778093576431274,,,-280.0,138.0,3503.0,6.0,1.0,7.0
27.823193788528442,,,-724.0,-323.0,3689.0,-6.0,-2.0,8.0
27.868333339691162,,,-769.0,43.0,3477.0,1.0,-6.0,19.0
27.913447618484497,,,-1823.0,-48.0,3397.0,-2.0,-3.0,-6.0
27.958516359329224,,,-953.0,412.0,3037.0,3.0,-13.0,-22.0
28.00352668762207,,,-735.0,798.0,3295.0,5.0,-19.0,-8.0
28.048437118530273,,,-1543.0,489.0,1599.0,10.0,-8.0,13.0
28.093676805496216,,,-2977.0,-1330.0,1401.0,-16.0,-5.0,-21.0
28.14278769493103,,,-2786.0,-520.0,2537.0,-36.0,-5.0,-18.0
28.20021629333496,,,-1304.0,532.0,2774.0,-46.0,-3.0,40.0
28.233078241348267,,,144.0,2618.0,3054.0,-22.0,-5.0,102.0
28.277868032455444,,,241.0,2689.0,1033.0,-14.0,20.0,149.0
28.318886518478394,,,-413.0,2330.0,1414.0,7.0,24.0,128.0
28.36395239830017,,,-426.0,1757.0,1584.0,18.0,27.0,114.0
28.4089093208313,,,-1284.0,2797.0,3701.0,31.0,27.0,119.0
28.458248138427734,,,-2046.0,1334.0,5549.0,35.0,21.0,95.0
28.499089241027832,,,-1853.0,748.0,6256.0,28.0,14.0,73.0
28.544042587280273,,,826.0,1331.0,3925.0,19.0,-15.0,63.0
28.589059114456177,,,1975.0,412.0,1307.0,30.0,-24.0,74.0
28.63418459892273,,,3520.0,548.0,1238.0,20.0,-23.0,22.0
28.679351568222046,,,4690.0,1919.0,1955.0,7.0,-31.0,39.0
28.724356412887573,,,3358.0,2449.0,2178.0,37.0,-22.0,73.0
28.7693612575531,,,2642.0,1426.0,3350.0,10.0,-9.0,67.0
28.81455969810486,,,2036.0,1611.0,2592.0,-3.0,-5.0,21.0
28.859522581100464,,,1595.0,2237.0,1298.0,0.0,-10.0,13.0
28.904433012008667,,,1375.0,2709.0,-358.0,4.0,-11.0,29.0
28.94969344139099,,,98.0,2042.0,230.0,15.0,-4.0,53.0
28.994675397872925,,,446.0,1219.0,1846.0,16.0,-1.0,2.0
29.039761543273926,,,243.0,1401.0,2196.0,2.0,-1.0,-37.0
29.08491277694702,,,301.0,2707.0,1205.0,8.0,6.0,-26.0
29.129796743392944,,,480.0,3168.0,115.0,15.0,11.0,21.0
29.17491364479065,,,105.0,2628.0,500.0,25.0,11.0,27.0
29.22009563446045,,,-577.0,2055.0,3228.0,43.0,13.0,35.0
29.264936208724976,,,551.0,1804.0,4850.0,46.0,1.0,56.0
29.310009956359863,,,785.0,456.0,5526.0,39.0,-4.0,39.0
29.35515022277832,,,1433.0,993.0,4235.0,19.0,-10.0,9.0
29.400142908096313,,,893.0,1172.0,1955.0,18.0,-16.0,12.0
29.445241451263428,,,779.0,936.0,297.0,9.0,-19.0,12.0
29.490341901779175,,,428.0,-462.0,265.0,20.0,-9.0,21.0
29.53528618812561,,,1816.0,-1001.0,230.0,5.0,2.0,-13.0
29.592670440673828,,,1345.0,-1215.0,404.0,-7.0,2.0,-68.0
29.63770866394043,,,1332.0,-30.0,-910.0,-17.0,-4.0,-75.0
29.686780214309692,,,-373.0,-56.0,5160.0,-16.0,32.0,-95.0
29.72785711288452,,,2970.0,3212.0,5516.0,-27.0,23.0,-8.0
29.77280020713806,,,2134.0,1106.0,5101.0,-26.0,24.0,32.0
29.818031311035156,,,1452.0,13.0,3712.0,-35.0,26.0,-24.0
29.863102197647095,,,864.0,739.0,1674.0,-51.0,22.0,-81.0
29.907955169677734,,,1418.0,2985.0,480.0,-46.0,14.0,-59.0
29.965534210205078,,,1871.0,3129.0,-1048.0,-40.0,9.0,-28.0
29.998311042785645,,,1572.0,2947.0,-275.0,-29.0,8.0,-12.0
30.0432071685791,,,2211.0,1869.0,82.0,3.0,26.0,7.0
30.088400840759277,,,936.0,907.0,2313.0,0.0,28.0,5.0
30.133662939071655,,,776.0,588.0,3392.0,28.0,20.0,41.0
30.178464651107788,,,1040.0,-1314.0,5055.0,6.0,19.0,28.0
30.223374128341675,,,1564.0,-1401.0,5330.0,22.0,10.0,16.0
30.26852321624756,,,1499.0,-2312.0,4499.0,6.0,7.0,8.0
30.313686847686768,,,1466.0,-1843.0,2580.0,-3.0,1.0,-27.0
30.35858464241028,,,970.0,-1675.0,2449.0,-24.0,-3.0,-27.0
30.403738975524902,,,1231.0,-632.0,1230.0,-24.0,-3.0,-33.0
30.448768138885498,,,456.0,-668.0,734.0,-26.0,2.0,-18.0
30.49385142326355,,,577.0,-817.0,120.0,-26.0,6.0,-18.0
30.538963794708252,,,223.0,-1431.0,-57.0,-25.0,12.0,-44.0
30.583866357803345,,,-415.0,-429.0,2543.0,-36.0,13.0,-77.0
30.645349740982056,,,1580.0,267.0,4493.0,-44.0,24.0,-81.0
30.690563440322876,,,3221.0,1219.0,4115.0,-40.0,15.0,-2.0
30.735536336898804,,,2833.0,413.0,2740.0,-30.0,14.0,32.0
30.780354738235474,,,1656.0,-755.0,2037.0,-18.0,18.0,0.0
30.825583696365356,,,1904.0,-771.0,1947.0,-26.0,12.0,-28.0
30.870623350143433,,,2282.0,153.0,1326.0,-14.0,6.0,-4.0
30.915550470352173,,,1707.0,116.0,1453.0,-5.0,5.0,25.0
30.960750818252563,,,1018.0,-434.0,1408.0,3.0,8.0,20.0
31.005661964416504,,,559.0,-928.0,2128.0,6.0,3.0,11.0
31.050816297531128,,,450.0,-1000.0,2253.0,6.0,2.0,4.0
31.09579086303711,,,450.0,-977.0,2437.0,3.0,-3.0,0.0
31.13685703277588,,,625.0,-786.0,1925.0,3.0,-3.0,-1.0
31.18196988105774,,,973.0,-986.0,1954.0,2.0,-3.0,2.0
31.22681427001953,,,1095.0,-1053.0,1867.0,4.0,1.0,-5.0
31.271886348724365,,,1553.0,-406.0,2379.0,3.0,-7.0,11.0
31.317124605178833,,,1169.0,-993.0,2162.0,14.0,-8.0,26.0
31.3622305393219,,,654.0,-1883.0,2371.0,6.0,-6.0,3.0
31.40725088119507,,,649.0,-1697.0,2057.0,5.0,-2.0,-14.0
31.452332496643066,,,440.0,-1522.0,1920.0,10.0,1.0,-19.0
31.497334003448486,,,58.0,-1379.0,2080.0,0.0,4.0,-31.0
31.54225993156433,,,-98.0,-896.0,2207.0,-1.0,3.0,-31.0
31.587273359298706,,,-342.0,-447.0,2277.0,-7.0,5.0,-31.0
31.63242793083191,,,-182.0,90.0,1730.0,-8.0,3.0,-20.0
31.677484273910522,,,-504.0,48.0,1150.0,0.0,5.0,-8.0
31.738945245742798,,,-967.0,-228.0,1200.0,3.0,10.0,-16.0
31.771676540374756,,,-634.0,-682.0,1417.0,-3.0,15.0,-27.0
31.829258680343628,,,-104.0,-147.0,2099.0,-5.0,10.0,-16.0
31.874141454696655,,,-241.0,-159.0,2146.0,2.0,12.0,16.0
31.919106483459473,,,-1203.0,-774.0,2804.0,-2.0,11.0,14.0
31.964083194732666,,,-833.0,-976.0,2874.0,-14.0,10.0,-10.0
32.00927019119263,,,-437.0,-464.0,2332.0,-25.0,3.0,-7.0
32.054314374923706,,,-337.0,-29.0,1251.0,-15.0,4.0,6.0
32.09933686256409,,,-660.0,-140.0,1374.0,-24.0,9.0,-13.0
32.144399642944336,,,-221.0,385.0,1268.0,-15.0,4.0,-17.0
32.1894314289093,,,-219.0,527.0,1636.0,-13.0,6.0,-7.0
32.234572649002075,,,-246.0,289.0,1955.0,-6.0,3.0,-2.0
32.27961802482605,,,23.0,-200.0,2297.0,-10.0,2.0,-2.0
32.3247230052948,,,370.0,-265.0,2318.0,-4.0,-4.0,3.0
32.36974048614502,,,374.0,-315.0,2246.0,-11.0,-10.0,11.0
32.4148325920105,,,56.0,-348.0,2114.0,-7.0,-16.0,16.0
32.45978260040283,,,-117.0,-625.0,1811.0,-19.0,-18.0,8.0
32.504815340042114,,,406.0,-505.0,1786.0,-13.0,-16.0,2.0
32.56663680076599,,,1007.0,-724.0,1740.0,-7.0,-13.0,5.0
32.60733222961426,,,1544.0,-917.0,1385.0,-21.0,-11.0,-3.0
32.65239882469177,,,1638.0,-595.0,702.0,-6.0,-4.0,4.0
32.7014844417572,,,2102.0,-1065.0,-256.0,-15.0,1.0,14.0
32.74638652801514,,,1399.0,-1441.0,-984.0,6.0,16.0,31.0
32.78735041618347,,,307.0,-2236.0,1317.0,-4.0,25.0,-2.0
32.83243703842163,,,-186.0,-3579.0,3692.0,-13.0,21.0,-52.0
32.877655267715454,,,-1063.0,-2652.0,6551.0,-30.0,34.0,-109.0
32.92271566390991,,,331.0,-1476.0,6783.0,-34.0,53.0,-81.0
32.96776819229126,,,1744.0,-1357.0,4455.0,-20.0,50.0,-52.0
33.012773275375366,,,2008.0,-528.0,429.0,-20.0,41.0,-37.0
33.05773854255676,,,1806.0,947.0,-1262.0,-11.0,37.0,-12.0
33.102808475494385,,,825.0,2636.0,679.0,8.0,21.0,55.0
33.147799015045166,,,-3133.0,1121.0,3870.0,31.0,6.0,-9.0
33.19285845756531,,,-3000.0,-368.0,3972.0,21.0,0.0,-79.0
33.23806929588318,,,-1803.0,357.0,2336.0,36.0,-3.0,-105.0
33.2834689617157,,,306.0,-25.0,2898.0,14.0,-11.0,-94.0
33.33212661743164,,,2681.0,-791.0,2263.0,10.0,-16.0,-2.0
33.37314248085022,,,1656.0,947.0,3618.0,34.0,-10.0,99.0
33.41827082633972,,,-2443.0,356.0,4082.0,24.0,-7.0,141.0
33.46321082115173,,,-4933.0,-1503.0,2031.0,3.0,0.0,53.0
33.50839138031006,,,-3770.0,-2429.0,-1034.0,-25.0,2.0,-51.0
33.55329513549805,,,-1862.0,-2829.0,-4488.0,-24.0,13.0,-94.0
33.598586559295654,,,-1671.0,403.0,2704.0,-30.0,24.0,-61.0
33.664103269577026,,,-1193.0,-1926.0,3737.0,-28.0,43.0,22.0
33.70490074157715,,,-2490.0,-2696.0,5823.0,-35.0,25.0,-41.0
33.74987077713013,,,-506.0,-1466.0,3640.0,-64.0,8.0,-70.0
33.795119524002075,,,1997.0,-1269.0,874.0,-45.0,-1.0,-35.0
33.840198278427124,,,3017.0,-1149.0,-362.0,-19.0,-3.0,38.0
33.889381647109985,,,1682.0,-1659.0,-578.0,-4.0,0.0,72.0
33.930251359939575,,,496.0,-1922.0,-803.0,9.0,-6.0,37.0
33.98747420310974,,,51.0,-1534.0,-403.0,20.0,-12.0,-18.0
34.0367374420166,,,-530.0,-389.0,975.0,30.0,-3.0,-11.0
34.077784061431885,,,-2470.0,1600.0,4455.0,58.0,-5.0,-13.0
34.12269854545593,,,-1931.0,690.0,6546.0,26.0,-11.0,7.0
34.16786026954651,,,-1539.0,258.0,5073.0,47.0,-31.0,12.0
34.212852239608765,,,-2159.0,799.0,3189.0,42.0,-32.0,7.0
34.27432584762573,,,-1041.0,831.0,346.0,37.0,-22.0,62.0
34.319331407547,,,-1071.0,-429.0,-1874.0,29.0,-31.0,54.0
34.364378213882446,,,-1316.0,-1489.0,-5608.0,20.0,-22.0,57.0
34.40955686569214,,,-2468.0,-1349.0,-4657.0,31.0,-28.0,28.0
34.454527139663696,,,-2210.0,-2299.0,-245.0,4.0,-39.0,-48.0
34.499460220336914,,,-4341.0,832.0,7709.0,22.0,-23.0,-67.0
34.54459476470947,,,-2258.0,84.0,6557.0,20.0,-9.0,132.0
34.58960318565369,,,-4627.0,-1085.0,5313.0,10.0,-5.0,114.0
34.63479495048523,,,-3647.0,-511.0,4327.0,-6.0,-13.0,-17.0
34.68382787704468,,,-1392.0,246.0,1920.0,12.0,-14.0,-52.0
34.72486186027527,,,360.0,1874.0,636.0,13.0,-3.0,7.0
34.769792556762695,,,948.0,3654.0,289.0,9.0,-10.0,81.0
34.81482553482056,,,-809.0,3450.0,1187.0,16.0,-13.0,157.0
34.860023021698,,,-855.0,254.0,2248.0,-12.0,-16.0,97.0
34.905131101608276,,,-1442.0,247.0,1880.0,-19.0,-13.0,51.0
34.95000410079956,,,-608.0,169.0,1030.0,-24.0,-12.0,11.0
34.99512195587158,,,-109.0,974.0,-126.0,-29.0,-2.0,1.0
35.04011797904968,,,734.0,2559.0,84.0,-25.0,-16.0,6.0
35.08540177345276,,,1469.0,3490.0,-403.0,-20.0,-27.0,-8.0
35.130483627319336,,,1642.0,4645.0,-1261.0,-20.0,-37.0,54.0
35.17536997795105,,,915.0,4245.0,-646.0,20.0,-44.0,123.0
35.220399141311646,,,738.0,1787.0,2656.0,21.0,-31.0,78.0
35.265352964401245,,,2016.0,1278.0,3241.0,14.0,-30.0,37.0
35.310466289520264,,,2057.0,237.0,2200.0,14.0,-21.0,28.0
35.355610609054565,,,1926.0,1168.0,1389.0,11.0,-18.0,17.0
35.40067934989929,,,1646.0,1736.0,1166.0,11.0,-17.0,8.0
35.445645570755005,,,2183.0,1870.0,108.0,10.0,-19.0,9.0
35.490766763687134,,,1098.0,1354.0,735.0,17.0,-11.0,26.0
35.53577017784119,,,1155.0,1296.0,815.0,7.0,-5.0,33.0
35.58084058761597,,,1209.0,869.0,1749.0,19.0,-12.0,17.0
35.62585711479187,,,770.0,107.0,2674.0,17.0,-4.0,-19.0
35.683467864990234,,,1309.0,1029.0,2255.0,8.0,-6.0,-40.0
35.728426933288574,,,1240.0,1571.0,1734.0,19.0,-5.0,-24.0
35.77755928039551,,,827.0,1766.0,1770.0,27.0,-2.0,0.0
35.81833624839783,,,1260.0,890.0,1683.0,26.0,-2.0,-5.0
35.86343336105347,,,1114.0,601.0,1682.0,25.0,-3.0,-25.0
35.92503356933594,,,867.0,882.0,1352.0,22.0,1.0,-32.0
35.96997404098511,,,1246.0,943.0,1206.0,28.0,7.0,-22.0
36.01495385169983,,,1084.0,756.0,1466.0,27.0,12.0,-22.0
36.060086488723755,,,873.0,944.0,1846.0,11.0,10.0,-26.0
36.105071783065796,,,1057.0,1615.0,1371.0,10.0,7.0,-12.0
36.15015482902527,,,877.0,1702.0,1367.0,13.0,9.0,4.0
36.19518423080444,,,60.0,1493.0,2063.0,15.0,7.0,12.0
36.24041390419006,,,-357.0,874.0,2126.0,5.0,4.0,5.0
36.28545379638672,,,-802.0,816.0,1908.0,1.0,3.0,-1.0
36.34274411201477,,,-977.0,599.0,1607.0,-1.0,6.0,-14.0
36.375455141067505,,,-810.0,794.0,1347.0,-9.0,6.0,-16.0
36.420430421829224,,,-480.0,1141.0,1294.0,-13.0,1.0,-20.0
36.46546936035156,,,-148.0,1391.0,900.0,-13.0,5.0,-9.0
36.51054120063782,,,-74.0,1736.0,1108.0,-3.0,4.0,11.0
36.555588245391846,,,-209.0,1426.0,1221.0,2.0,4.0,23.0
36.60070753097534,,,-379.0,950.0,1609.0,-1.0,3.0,17.0
36.64585208892822,,,-174.0,1044.0,1510.0,3.0,3.0,12.0
36.690852642059326,,,220.0,871.0,1353.0,10.0,1.0,11.0
36.73589849472046,,,-19.0,872.0,1419.0,14.0,3.0,7.0
36.780895709991455,,,-249.0,940.0,1938.0,9.0,3.0,6.0
36.825929403305054,,,60.0,1265.0,1492.0,13.0,-1.0,5.0
36.8710241317749,,,-41.0,1174.0,960.0,18.0,2.0,21.0
36.916138648986816,,,-403.0,1099.0,1070.0,16.0,-1.0,30.0
36.961207151412964,,,-635.0,763.0,1259.0,6.0,-3.0,28.0
37.00635528564453,,,-1044.0,573.0,1463.0,12.0,-3.0,32.0
37.05125379562378,,,-1021.0,-347.0,2056.0,25.0,-6.0,40.0
37.09629201889038,,,44.0,-1570.0,2199.0,15.0,-6.0,10.0
37.1413037776947,,,402.0,-1461.0,1901.0,-7.0,-14.0,-38.0
37.18649959564209,,,-621.0,-393.0,1275.0,-20.0,-22.0,-59.0
37.22732400894165,,,-1996.0,1268.0,1256.0,-25.0,-24.0,-40.0
37.27247643470764,,,-1895.0,2151.0,782.0,-19.0,-19.0,7.0
37.31761431694031,,,-1349.0,1778.0,618.0,-13.0,-22.0,31.0
37.362653970718384,,,-1302.0,958.0,602.0,-20.0,-22.0,28.0
37.41175389289856,,,-1903.0,435.0,977.0,-8.0,-17.0,30.0
37.45264530181885,,,-994.0,220.0,1661.0,-10.0,-12.0,11.0
37.49773097038269,,,204.0,521.0,1009.0,-9.0,-8.0,17.0
37.542643785476685,,,391.0,632.0,697.0,1.0,-1.0,15.0
37.58781576156616,,,714.0,284.0,1367.0,-4.0,9.0,-2.0
37.63281607627869,,,896.0,194.0,2017.0,5.0,16.0,-29.0
37.67803931236267,,,1411.0,331.0,2539.0,-2.0,18.0,-36.0
37.7230544090271,,,1442.0,405.0,2444.0,-6.0,13.0,-46.0
37.7681622505188,,,830.0,329.0,2199.0,-15.0,9.0,-59.0
37.813238859176636,,,510.0,803.0,2033.0,-20.0,11.0,-70.0
37.85815095901489,,,937.0,1573.0,1715.0,-31.0,15.0,-67.0
37.903265714645386,,,969.0,2292.0,1677.0,-25.0,10.0,-50.0
37.94835662841797,,,1156.0,2879.0,1690.0,-28.0,6.0,-18.0
37.99330449104309,,,1259.0,2883.0,1464.0,-20.0,8.0,19.0
38.03857779502869,,,1212.0,2326.0,1354.0,-15.0,8.0,26.0
38.08368468284607,,,580.0,1637.0,1476.0,-5.0,18.0,25.0
38.12852954864502,,,499.0,978.0,2177.0,1.0,24.0,36.0
38.1735258102417,,,81.0,-67.0,2545.0,21.0,21.0,43.0
38.21855592727661,,,523.0,-1396.0,2632.0,20.0,12.0,36.0
38.26354432106018,,,727.0,-1460.0,2144.0,23.0,0.0,5.0
38.32516813278198,,,495.0,-1232.0,1573.0,30.0,-3.0,-2.0
38.37017631530762,,,189.0,-1174.0,1309.0,35.0,-5.0,19.0
38.415096044540405,,,-8.0,-2251.0,1170.0,37.0,-2.0,28.0
38.46021103858948,,,-10.0,-3034.0,1519.0,26.0,2.0,-16.0
38.50519371032715,,,271.0,-2510.0,1211.0,11.0,-2.0,-54.0
38.55027961730957,,,-89.0,-1799.0,1034.0,8.0,-5.0,-52.0
38.595367193222046,,,-81.0,-1301.0,585.0,-4.0,1.0,-25.0
38.640509605407715,,,-166.0,-1087.0,480.0,-6.0,5.0,-8.0
38.685606479644775,,,-134.0,-1596.0,669.0,-12.0,10.0,-20.0
38.73070931434631,,,-180.0,-1519.0,986.0,-17.0,8.0,-39.0
38.78793978691101,,,-627.0,-1178.0,1020.0,-14.0,10.0,-47.0
38.83295702934265,,,-1148.0,-889.0,1575.0,-24.0,10.0,-38.0
38.87809634208679,,,-717.0,-770.0,1713.0,-19.0,4.0,-35.0
38.92329120635986,,,-671.0,-1310.0,1956.0,-17.0,-1.0,-33.0
38.96809124946594,,,109.0,-1207.0,2916.0,-38.0,-7.0,-41.0
39.01328253746033,,,2021.0,-791.0,1528.0,-29.0,4.0,-21.0
39.05816459655762,,,1776.0,-1376.0,1316.0,-14.0,16.0,5.0
39.10336256027222,,,1776.0,-2052.0,2229.0,-30.0,11.0,-7.0
39.14835739135742,,,1539.0,-2611.0,2060.0,-29.0,7.0,-41.0
39.19344639778137,,,1283.0,-1405.0,1921.0,-35.0,3.0,-56.0
39.23854374885559,,,1952.0,-821.0,1423.0,-36.0,9.0,-35.0
39.28350281715393,,,2143.0,-717.0,1101.0,-24.0,11.0,-15.0
39.32862377166748,,,1973.0,-1167.0,1361.0,-24.0,16.0,-6.0
39.37369775772095,,,2177.0,-1383.0,1230.0,-15.0,19.0,-12.0
39.418689012527466,,,2410.0,-1520.0,1274.0,-10.0,19.0,0.0
39.46367263793945,,,2413.0,-2437.0,1331.0,-1.0,22.0,3.0
39.50873160362244,,,1868.0,-2871.0,2221.0,2.0,19.0,-13.0
39.553752422332764,,,2091.0,-2876.0,2395.0,-1.0,15.0,-42.0
39.59899663925171,,,1693.0,-1968.0,2450.0,12.0,22.0,-37.0
39.64403247833252,,,508.0,-1228.0,2332.0,15.0,18.0,-11.0
39.68911075592041,,,-930.0,94.0,3319.0,5.0,18.0,-12.0
39.734208822250366,,,-1137.0,506.0,2715.0,4.0,8.0,2.0
39.77917790412903,,,-1226.0,586.0,1830.0,17.0,-7.0,35.0
39.82419157028198,,,-1656.0,-120.0,1416.0,20.0,-7.0,22.0
39.869102001190186,,,-1611.0,-870.0,860.0,11.0,-5.0,13.0
39.914286613464355,,,-1609.0,-544.0,475.0,14.0,-5.0,-2.0
39.95941781997681,,,-1219.0,-664.0,397.0,8.0,-10.0,-3.0
40.00433897972107,,,-1209.0,-882.0,445.0,7.0,-11.0,-4.0
40.04954695701599,,,-1077.0,-975.0,1018.0,14.0,-15.0,-5.0
40.09463977813721,,,-1316.0,-1293.0,1480.0,6.0,-13.0,-11.0
40.13949227333069,,,-1134.0,-1319.0,1905.0,3.0,-20.0,-6.0
40.18456768989563,,,-1690.0,-1290.0,1990.0,3.0,-21.0,-11.0
40.229570150375366,,,-1505.0,-1093.0,1854.0,-14.0,-28.0,-39.0
40.27467370033264,,,-1339.0,-619.0,2135.0,-15.0,-30.0,-54.0
40.31986665725708,,,330.0,-806.0,1848.0,-29.0,-21.0,-64.0
40.36491513252258,,,1845.0,-611.0,702.0,-18.0,-17.0,-7.0
40.40989351272583,,,1198.0,516.0,1137.0,-5.0,-17.0,31.0
40.45500898361206,,,313.0,399.0,1238.0,2.0,-5.0,55.0
40.499971866607666,,,130.0,-639.0,1479.0,6.0,-4.0,33.0
40.561521768569946,,,746.0,-856.0,974.0,4.0,-8.0,27.0
40.606488943099976,,,818.0,-141.0,629.0,10.0,-5.0,55.0
40.651450634002686,,,526.0,477.0,459.0,17.0,-4.0,84.0
40.69656276702881,,,2.0,304.0,515.0,16.0,-2.0,89.0
40.741623401641846,,,-913.0,296.0,1065.0,20.0,2.0,71.0
40.78257894515991,,,-1825.0,396.0,2443.0,19.0,1.0,61.0
40.82763123512268,,,-675.0,-382.0,2162.0,17.0,2.0,57.0
40.87284851074219,,,-449.0,-442.0,2390.0,14.0,0.0,40.0
40.91804552078247,,,-854.0,61.0,2373.0,6.0,-5.0,22.0
40.96291399002075,,,-746.0,592.0,1827.0,5.0,-4.0,19.0
41.0080292224884,,,-508.0,1043.0,1728.0,3.0,-4.0,13.0
41.05301547050476,,,-538.0,1126.0,1270.0,1.0,-6.0,12.0
41.09795117378235,,,-1171.0,1206.0,1583.0,-4.0,-2.0,3.0
41.14308476448059,,,-626.0,1349.0,1226.0,-13.0,-1.0,2.0
41.188045501708984,,,-1169.0,1117.0,1549.0,14.0,-4.0,5.0
41.23310685157776,,,-180.0,-20.0,1075.0,2.0,-9.0,4.0
41.27820348739624,,,1565.0,-768.0,979.0,-16.0,-2.0,-36.0
41.32337021827698,,,2165.0,-27.0,1265.0,2.0,2.0,-62.0
41.36843943595886,,,1484.0,744.0,1904.0,2.0,9.0,-29.0
41.41350817680359,,,2310.0,653.0,1234.0,-9.0,12.0,-3.0
41.45831346511841,,,2261.0,507.0,898.0,-5.0,5.0,-19.0
41.50335383415222,,,2012.0,462.0,943.0,-2.0,1.0,-35.0
41.54844927787781,,,1641.0,343.0,1269.0,9.0,9.0,-25.0
41.593547344207764,,,1441.0,448.0,2229.0,9.0,8.0,-14.0
41.63874578475952,,,921.0,324.0,2422.0,6.0,0.0,-2.0
41.68371057510376,,,-1443.0,300.0,3459.0,8.0,-8.0,4.0
41.72885346412659,,,-1980.0,299.0,2874.0,-7.0,-10.0,-9.0
41.773911476135254,,,-901.0,751.0,1529.0,-8.0,-8.0,-37.0
41.81883215904236,,,-374.0,1782.0,309.0,-4.0,-12.0,-22.0
41.86393404006958,,,-907.0,2244.0,-203.0,10.0,-14.0,28.0
41.908963441848755,,,-1524.0,1319.0,-114.0,18.0,-10.0,68.0
41.954139709472656,,,-1887.0,-112.0,801.0,29.0,-6.0,51.0
42.003225326538086,,,-1464.0,-993.0,1257.0,15.0,-5.0,8.0
42.044105768203735,,,-963.0,-642.0,708.0,8.0,-8.0,-6.0
42.089308738708496,,,-1616.0,-201.0,349.0,24.0,-4.0,12.0
42.134247064590454,,,-1927.0,-468.0,1106.0,25.0,-1.0,14.0
42.17935800552368,,,-1348.0,-792.0,1754.0,15.0,-3.0,-19.0
42.22436785697937,,,-704.0,-379.0,1612.0,12.0,-5.0,-38.0
42.269299030303955,,,-570.0,226.0,1247.0,7.0,-4.0,-19.0
42.31453204154968,,,-397.0,467.0,1345.0,10.0,-5.0,1.0
42.3595814704895,,,-440.0,-94.0,1689.0,10.0,-4.0,-6.0
42.404619455337524,,,-119.0,-39.0,1855.0,0.0,-6.0,-26.0
42.449655294418335,,,510.0,584.0,1380.0,-3.0,-7.0,-14.0
42.49458146095276,,,414.0,647.0,1325.0,0.0,-6.0,7.0
42.53986597061157,,,259.0,293.0,1631.0,-1.0,-3.0,14.0
42.58472490310669,,,572.0,-40.0,1884.0,-3.0,-4.0,9.0
42.62977170944214,,,541.0,-227.0,1822.0,-7.0,-6.0,-3.0
42.67489719390869,,,529.0,-54.0,1791.0,-9.0,-5.0,-2.0
42.72000241279602,,,537.0,23.0,1700.0,-10.0,-2.0,-3.0
42.76517724990845,,,337.0,-11.0,1774.0,-12.0,0.0,-4.0
42.81017255783081,,,307.0,91.0,1910.0,-14.0,-1.0,-6.0
42.85507559776306,,,412.0,258.0,1793.0,-12.0,0.0,-3.0
42.90021753311157,,,288.0,37.0,1900.0,-10.0,-1.0,-2.0
42.94518780708313,,,244.0,-49.0,1838.0,-8.0,0.0,1.0
42.990227460861206,,,162.0,-316.0,1852.0,-9.0,1.0,-5.0
43.035276889801025,,,132.0,-285.0,2081.0,-8.0,-2.0,-16.0
43.080326318740845,,,274.0,-61.0,1890.0,-7.0,0.0,-18.0
43.12551927566528,,,325.0,12.0,1786.0,-9.0,1.0,-8.0
43.17052602767944,,,323.0,32.0,1632.0,-3.0,2.0,-2.0
43.215551137924194,,,275.0,-370.0,1848.0,-4.0,2.0,-8.0
43.26061964035034,,,375.0,-338.0,1844.0,-3.0,1.0,-17.0
43.30568170547485,,,326.0,-287.0,1913.0,2.0,-2.0,-17.0
43.35081434249878,,,276.0,-109.0,2195.0,-1.0,-1.0,-12.0
43.395997524261475,,,362.0,-74.0,2357.0,2.0,-1.0,-12.0
43.44080829620361,,,146.0,-404.0,2518.0,3.0,-5.0,-7.0
43.48594307899475,,,-53.0,-720.0,2578.0,4.0,-4.0,-11.0
43.53090715408325,,,72.0,-641.0,2779.0,-5.0,-12.0,-37.0
43.57614207267761,,,421.0,216.0,2396.0,-8.0,-18.0,-39.0
43.62100958824158,,,619.0,1003.0,1999.0,-3.0,-17.0,-9.0
43.66608715057373,,,552.0,375.0,1690.0,5.0,-13.0,19.0
43.71122455596924,,,115.0,-668.0,1783.0,10.0,-7.0,13.0
43.75610589981079,,,51.0,-1411.0,2230.0,10.0,-7.0,-17.0
43.8013391494751,,,342.0,-1232.0,2158.0,3.0,-8.0,-34.0
43.84623908996582,,,523.0,-965.0,2294.0,2.0,-9.0,-33.0
43.89132046699524,,,811.0,-1143.0,2397.0,1.0,-9.0,-29.0
43.936426877975464,,,777.0,-1518.0,2613.0,0.0,-11.0,-47.0
43.98158502578735,,,372.0,-1572.0,3276.0,-6.0,-16.0,-73.0
44.02650475502014,,,655.0,-1438.0,3267.0,-8.0,-21.0,-86.0
44.07156944274902,,,437.0,-702.0,3369.0,8.0,-20.0,-70.0
44.11679482460022,,,-790.0,-674.0,3563.0,18.0,-15.0,-61.0
44.16184854507446,,,-1093.0,-1319.0,3334.0,17.0,-19.0,-67.0
44.20670413970947,,,-1591.0,-836.0,3120.0,27.0,-23.0,-66.0
44.251933336257935,,,-3216.0,-840.0,2985.0,40.0,-25.0,-51.0
44.296836376190186,,,-3880.0,-856.0,2818.0,33.0,-22.0,-49.0
44.34196591377258,,,-3545.0,-1133.0,2402.0,29.0,-19.0,-17.0
44.387030601501465,,,-3564.0,-973.0,1641.0,24.0,-15.0,1.0
44.42795419692993,,,-3572.0,-1493.0,1150.0,17.0,-3.0,9.0
44.47288990020752,,,-3691.0,-2036.0,955.0,10.0,-4.0,-4.0
44.522080421447754,,,-3656.0,-2239.0,1289.0,4.0,-2.0,-22.0
44.56318163871765,,,-2722.0,-1785.0,1971.0,-18.0,1.0,-2.0
44.6082558631897,,,-2360.0,-1039.0,2427.0,-14.0,4.0,28.0
44.65325427055359,,,-2310.0,-1917.0,2163.0,-24.0,1.0,23.0
44.69818711280823,,,-2271.0,-1332.0,2507.0,-14.0,4.0,50.0
44.74334979057312,,,-1374.0,-1631.0,2727.0,-18.0,-1.0,41.0
44.78829836845398,,,11.0,-1919.0,2651.0,-16.0,-12.0,10.0
44.83344292640686,,,337.0,-1517.0,4227.0,-39.0,-21.0,-21.0
44.87860894203186,,,530.0,0.0,5265.0,-39.0,-17.0,42.0
44.92367243766785,,,792.0,474.0,3667.0,-32.0,-23.0,51.0
44.96855449676514,,,-197.0,10.0,3111.0,-50.0,-16.0,21.0
45.02199721336365,,,211.0,355.0,3186.0,-41.0,-18.0,-15.0
45.058701515197754,,,310.0,27.0,3998.0,-51.0,-20.0,16.0
45.103819608688354,,,550.0,334.0,3343.0,-49.0,-20.0,26.0
45.14871311187744,,,-162.0,394.0,3410.0,-55.0,-3.0,40.0
45.19380331039429,,,-1201.0,814.0,3787.0,-60.0,-8.0,14.0
45.23893976211548,,,-622.0,1639.0,3700.0,-48.0,-1.0,22.0
45.2882821559906,,,-110.0,1478.0,2702.0,-43.0,0.0,48.0
45.32898950576782,,,-291.0,738.0,2166.0,-39.0,-5.0,36.0
45.37426686286926,,,-950.0,339.0,1484.0,-28.0,3.0,31.0
45.41916584968567,,,-1372.0,323.0,1865.0,-16.0,8.0,14.0
45.472498655319214,,,-1332.0,222.0,2097.0,-14.0,15.0,5.0
45.509167194366455,,,-537.0,34.0,2289.0,-12.0,9.0,4.0
45.55430865287781,,,-707.0,-162.0,2199.0,-13.0,9.0,2.0
45.60339546203613,,,-562.0,466.0,2589.0,-5.0,9.0,-6.0
45.64446258544922,,,-248.0,216.0,2426.0,-4.0,8.0,-9.0
45.68954372406006,,,-154.0,379.0,2652.0,-4.0,11.0,7.0
45.73453879356384,,,152.0,-236.0,2500.0,0.0,6.0,-8.0
45.77963590621948,,,219.0,287.0,2458.0,6.0,0.0,-6.0
45.83280801773071,,,-40.0,8.0,2416.0,13.0,2.0,5.0
45.869760513305664,,,-402.0,-97.0,2372.0,17.0,-7.0,-7.0
45.9148154258728,,,-725.0,-221.0,2294.0,25.0,-4.0,-5.0
45.95996356010437,,,-811.0,70.0,2392.0,27.0,-5.0,-18.0
46.00486993789673,,,-600.0,-73.0,2253.0,34.0,-8.0,-19.0
46.05025291442871,,,-688.0,580.0,2614.0,46.0,-13.0,-26.0
46.09496784210205,,,-848.0,724.0,2732.0,46.0,-16.0,-20.0
46.14000391960144,,,-576.0,645.0,3056.0,62.0,-13.0,-34.0
46.185214042663574,,,-53.0,814.0,3938.0,51.0,-17.0,-22.0
46.23007941246033,,,565.0,1079.0,3649.0,58.0,-20.0,13.0
46.27518677711487,,,-193.0,146.0,3522.0,60.0,-14.0,32.0
46.320229291915894,,,-115.0,-555.0,3462.0,53.0,-2.0,-8.0
46.36537528038025,,,549.0,-1257.0,3111.0,42.0,-6.0,-29.0
46.41053080558777,,,21.0,768.0,3591.0,44.0,-4.0,-30.0
46.4554762840271,,,768.0,496.0,3496.0,43.0,-17.0,20.0
46.500436544418335,,,-140.0,1016.0,3277.0,48.0,-8.0,20.0
46.54541277885437,,,-86.0,-39.0,2934.0,50.0,-26.0,3.0
46.590506076812744,,,-1556.0,-196.0,3127.0,31.0,-16.0,-14.0
46.635568141937256,,,-512.0,977.0,2428.0,44.0,-14.0,-20.0
46.68080425262451,,,-2001.0,-1075.0,1939.0,20.0,-2.0,0.0
46.725892066955566,,,-1626.0,-449.0,2573.0,5.0,5.0,-17.0
46.77084159851074,,,-2080.0,-55.0,3216.0,-3.0,4.0,9.0
46.815802574157715,,,-1629.0,-504.0,2372.0,-16.0,17.0,14.0
46.86085915565491,,,-961.0,497.0,2400.0,-26.0,16.0,20.0
46.90601062774658,,,-497.0,566.0,2160.0,-23.0,28.0,27.0
46.95099997520447,,,639.0,1012.0,3291.0,-8.0,38.0,26.0
46.99601078033447,,,228.0,-148.0,4394.0,-10.0,42.0,51.0
47.0412061214447,,,1330.0,99.0,3598.0,1.0,50.0,15.0
47.08617544174194,,,1838.0,-10.0,3998.0,-1.0,48.0,25.0
47.1313419342041,,,2441.0,-214.0,3198.0,11.0,46.0,33.0
47.17624616622925,,,1308.0,-689.0,3865.0,4.0,38.0,32.0
47.22133159637451,,,1621.0,-714.0,3428.0,0.0,32.0,22.0
47.26632881164551,,,1741.0,-580.0,3023.0,-3.0,19.0,31.0
47.31144952774048,,,703.0,29.0,2063.0,-9.0,34.0,48.0
47.356420040130615,,,1391.0,222.0,2232.0,-4.0,16.0,62.0
47.40164589881897,,,989.0,-1171.0,1531.0,-9.0,31.0,19.0
47.44674277305603,,,1232.0,369.0,2451.0,-15.0,-2.0,-16.0
47.49175810813904,,,570.0,923.0,1299.0,-11.0,12.0,18.0
47.536710262298584,,,812.0,844.0,1354.0,-6.0,3.0,22.0
47.581767559051514,,,388.0,324.0,1171.0,4.0,3.0,-15.0
47.62685203552246,,,435.0,863.0,1756.0,-3.0,0.0,-41.0
47.67193031311035,,,1493.0,2239.0,2407.0,-1.0,26.0,-27.0
47.71693563461304,,,2263.0,2909.0,3582.0,-5.0,22.0,16.0
47.76210045814514,,,2684.0,2348.0,3187.0,4.0,15.0,60.0
47.807032108306885,,,2578.0,1281.0,2170.0,6.0,10.0,56.0
47.852187633514404,,,1909.0,472.0,1926.0,5.0,2.0,24.0
47.897154569625854,,,1428.0,494.0,2010.0,6.0,0.0,-4.0
47.94216513633728,,,1268.0,646.0,2132.0,-6.0,7.0,-8.0
47.98724341392517,,,1289.0,1017.0,1954.0,-10.0,5.0,-19.0
48.02813696861267,,,1450.0,1218.0,1571.0,-13.0,-1.0,-33.0
48.07315802574158,,,778.0,1600.0,1620.0,-11.0,3.0,-22.0
48.11842060089111,,,827.0,1493.0,1608.0,-13.0,7.0,-25.0
48.163557291030884,,,914.0,1624.0,1518.0,-18.0,0.0,-28.0
48.20856523513794,,,1103.0,1977.0,1490.0,-16.0,2.0,-16.0
48.25364351272583,,,1125.0,2165.0,1546.0,-10.0,3.0,11.0
48.298470973968506,,,1153.0,1604.0,1583.0,-9.0,6.0,30.0
48.34355688095093,,,616.0,913.0,2226.0,-7.0,4.0,30.0
48.38861298561096,,,164.0,1008.0,2654.0,7.0,4.0,42.0
48.433627128601074,,,310.0,-511.0,2664.0,10.0,7.0,65.0
48.47878384590149,,,941.0,-1195.0,2563.0,4.0,-5.0,22.0
48.524008989334106,,,964.0,-1322.0,2154.0,24.0,-10.0,29.0
48.568838596343994,,,1007.0,-2324.0,1682.0,15.0,-5.0,14.0
48.63046669960022,,,843.0,-1337.0,1236.0,3.0,-16.0,-40.0
48.67538118362427,,,-705.0,-417.0,1364.0,7.0,-12.0,-26.0
48.72059416770935,,,-305.0,-79.0,2351.0,1.0,-3.0,-3.0
48.76558041572571,,,237.0,-8.0,2357.0,1.0,-11.0,-2.0
48.81049633026123,,,-216.0,-362.0,1703.0,-11.0,-10.0,-14.0
48.85550785064697,,,-769.0,89.0,945.0,-8.0,-7.0,-22.0
48.90066313743591,,,-923.0,233.0,534.0,-8.0,1.0,-18.0
48.945658922195435,,,-1047.0,-155.0,841.0,-11.0,6.0,-16.0
48.99078106880188,,,-741.0,-427.0,1246.0,-11.0,5.0,-26.0
49.03575658798218,,,-1023.0,-1004.0,1195.0,-15.0,4.0,-32.0
49.08096098899841,,,-1426.0,-871.0,1120.0,-25.0,10.0,-46.0
49.1259388923645,,,-1007.0,-190.0,942.0,-26.0,6.0,-53.0
49.171109437942505,,,-1209.0,356.0,1567.0,-26.0,8.0,-48.0
49.21630835533142,,,-273.0,1085.0,3152.0,-31.0,7.0,-45.0
49.261085748672485,,,1091.0,638.0,3072.0,-31.0,14.0,-11.0
49.30614995956421,,,1606.0,425.0,2646.0,-25.0,9.0,9.0
49.35119819641113,,,1645.0,-185.0,2141.0,-19.0,7.0,14.0
49.40037655830383,,,1286.0,-723.0,2249.0,-6.0,12.0,1.0
49.44140005111694,,,1393.0,-527.0,2726.0,-18.0,14.0,-25.0
49.486483097076416,,,1732.0,188.0,2161.0,-11.0,4.0,-16.0
49.531578540802,,,1358.0,231.0,2337.0,-4.0,9.0,-2.0
49.5764844417572,,,1530.0,49.0,2762.0,-11.0,2.0,-15.0
49.621466636657715,,,2508.0,12.0,2128.0,-12.0,-5.0,-9.0
49.66657853126526,,,2575.0,830.0,1591.0,-2.0,-10.0,10.0
49.7115535736084,,,2178.0,780.0,1457.0,3.0,-7.0,39.0
49.75676202774048,,,1653.0,-57.0,1364.0,11.0,-4.0,40.0
49.80181097984314,,,1105.0,-198.0,1277.0,9.0,-7.0,25.0
49.84691643714905,,,639.0,-71.0,1380.0,18.0,-7.0,39.0
49.89191699028015,,,-682.0,-425.0,1476.0,33.0,-3.0,55.0
49.9369375705719,,,-986.0,-1856.0,2376.0,20.0,2.0,25.0
49.98186898231506,,,-642.0,-2069.0,2060.0,25.0,3.0,-7.0
50.02692914009094,,,-138.0,-2074.0,2094.0,13.0,2.0,-11.0
50.07208323478699,,,11.0,-1594.0,1632.0,7.0,3.0,-3.0
50.11707067489624,,,-57.0,-1637.0,1702.0,1.0,2.0,-1.0
50.16214990615845,,,-116.0,-1320.0,1839.0,6.0,5.0,-14.0
50.20736217498779,,,82.0,-1186.0,1713.0,-7.0,5.0,-14.0
50.26463985443115,,,40.0,-725.0,1085.0,-2.0,8.0,-10.0
50.309629917144775,,,105.0,-415.0,1999.0,2.0,1.0,-1.0
50.35460877418518,,,-140.0,-641.0,2221.0,2.0,4.0,1.0
50.39979577064514,,,51.0,-615.0,1670.0,-4.0,3.0,-8.0
50.44475317001343,,,-171.0,24.0,1287.0,7.0,2.0,-26.0
50.4897837638855,,,-159.0,828.0,1169.0,8.0,8.0,-29.0
50.53485727310181,,,212.0,1200.0,1871.0,5.0,9.0,-15.0
50.57993674278259,,,306.0,536.0,2272.0,9.0,13.0,-2.0
50.624961614608765,,,506.0,90.0,2023.0,5.0,10.0,-11.0
50.68661665916443,,,221.0,678.0,1709.0,-1.0,5.0,-27.0
50.7316038608551,,,182.0,1296.0,1600.0,-6.0,7.0,-29.0
50.776615858078,,,395.0,1439.0,1464.0,-4.0,11.0,-17.0
50.82167291641235,,,677.0,1004.0,1609.0,-7.0,9.0,-5.0
50.86659526824951,,,691.0,378.0,1802.0,-7.0,7.0,0.0
50.91172742843628,,,426.0,-286.0,1894.0,-5.0,6.0,-2.0
50.95676350593567,,,65.0,-398.0,1904.0,4.0,3.0,-1.0
51.00195264816284,,,-560.0,-1071.0,1920.0,4.0,4.0,-14.0
51.04692339897156,,,-82.0,-1053.0,1919.0,-7.0,1.0,-31.0
51.0920205116272,,,346.0,-305.0,1813.0,-6.0,-2.0,-29.0
51.137030839920044,,,425.0,458.0,1538.0,-4.0,0.0,-7.0
51.18219447135925,,,332.0,755.0,1198.0,7.0,3.0,28.0
51.22727847099304,,,-94.0,-96.0,1107.0,17.0,4.0,43.0
51.272104263305664,,,-491.0,-1097.0,1282.0,14.0,-1.0,32.0
51.31732511520386,,,-802.0,-1494.0,1331.0,9.0,-5.0,8.0
51.362329959869385,,,-771.0,-1300.0,1296.0,10.0,-5.0,9.0
51.407334089279175,,,-691.0,-1457.0,1188.0,9.0,0.0,7.0
51.452449798583984,,,-838.0,-1375.0,1372.0,3.0,-1.0,1.0
51.49746751785278,,,-836.0,-913.0,1287.0,-3.0,0.0,-4.0
51.542396545410156,,,-913.0,-571.0,1541.0,-4.0,-2.0,-3.0
51.58747744560242,,,-829.0,-220.0,1704.0,-5.0,-1.0,3.0
51.63257360458374,,,-697.0,-461.0,1499.0,-7.0,0.0,5.0
51.677809715270996,,,-628.0,-782.0,997.0,-12.0,-2.0,2.0
51.718658685684204,,,-1076.0,-548.0,904.0,-11.0,-1.0,0.0
51.7636399269104,,,-1664.0,-301.0,1521.0,-11.0,1.0,-3.0
51.80879306793213,,,-1172.0,-1292.0,1698.0,-7.0,-1.0,-13.0
51.85387969017029,,,-551.0,-1646.0,2051.0,-11.0,-7.0,-44.0
51.898924589157104,,,56.0,-1908.0,1608.0,-33.0,-3.0,-44.0
51.94392371177673,,,1126.0,-1173.0,1305.0,-30.0,0.0,-61.0
51.98886847496033,,,1622.0,-412.0,1776.0,-33.0,3.0,-70.0
52.03406357765198,,,3220.0,472.0,2219.0,-32.0,1.0,-54.0
52.07912826538086,,,4037.0,449.0,1536.0,-20.0,10.0,26.0
52.12403845787048,,,3161.0,-327.0,1397.0,-2.0,10.0,48.0
52.169044971466064,,,1636.0,-1507.0,1715.0,4.0,13.0,19.0
52.214375734329224,,,1061.0,-1894.0,2164.0,8.0,8.0,-33.0
52.25932455062866,,,-111.0,-960.0,3006.0,14.0,16.0,-31.0
52.3042471408844,,,-71.0,-1146.0,3246.0,4.0,19.0,-9.0
52.349393367767334,,,-439.0,-1380.0,2779.0,7.0,15.0,-9.0
52.39439392089844,,,-1162.0,-1420.0,2183.0,-2.0,10.0,-26.0
52.439568519592285,,,-1014.0,-631.0,1396.0,-10.0,9.0,-31.0
52.484551191329956,,,-877.0,-73.0,731.0,-8.0,0.0,-18.0
52.529677867889404,,,-1230.0,403.0,1488.0,-4.0,-4.0,-16.0
52.574697971343994,,,-964.0,72.0,1879.0,-6.0,-4.0,-35.0
52.61969566345215,,,-643.0,76.0,1931.0,-6.0,-10.0,-28.0
52.66477346420288,,,-832.0,-230.0,1716.0,-7.0,-11.0,-14.0
52.709770917892456,,,-434.0,-741.0,1577.0,-10.0,-13.0,-22.0
52.75900626182556,,,-581.0,-250.0,1818.0,-4.0,-17.0,-36.0
52.79997181892395,,,-540.0,-523.0,1655.0,-11.0,-11.0,-42.0
52.845030307769775,,,25.0,-438.0,1749.0,-11.0,-9.0,-49.0
52.89005422592163,,,869.0,-1126.0,1421.0,-9.0,-11.0,-40.0
52.93508291244507,,,1391.0,-1324.0,1489.0,7.0,-17.0,-38.0
52.98009943962097,,,1501.0,-1319.0,2490.0,24.0,-26.0,-42.0
53.02514362335205,,,1102.0,-856.0,5609.0,43.0,-46.0,-79.0
53.07032132148743,,,695.0,-251.0,7730.0,49.0,-54.0,-47.0
53.115283727645874,,,836.0,2381.0,6539.0,92.0,-14.0,97.0
53.16027116775513,,,-3530.0,1739.0,3151.0,27.0,-13.0,80.0
53.20548868179321,,,-3791.0,-1814.0,363.0,6.0,-3.0,4.0
53.25045418739319,,,-3141.0,-1672.0,-706.0,2.0,-3.0,19.0
53.29560446739197,,,-5162.0,-1413.0,-188.0,25.0,13.0,53.0
53.34058451652527,,,-5861.0,-3803.0,1315.0,-40.0,14.0,-35.0
53.38569712638855,,,-3698.0,-2516.0,2246.0,-56.0,-13.0,-114.0
53.43068814277649,,,-662.0,-87.0,3476.0,-38.0,-23.0,-94.0
53.47578406333923,,,1298.0,182.0,3983.0,-39.0,-14.0,14.0
53.52083945274353,,,995.0,389.0,3992.0,-17.0,-8.0,59.0
53.566205739974976,,,254.0,-593.0,3312.0,-19.0,-9.0,32.0
53.61110162734985,,,529.0,-666.0,3523.0,-9.0,-30.0,-32.0
53.65592885017395,,,1093.0,601.0,3224.0,17.0,-39.0,-63.0
53.7009711265564,,,2096.0,1057.0,2867.0,33.0,-31.0,3.0
53.74606466293335,,,-575.0,2548.0,3570.0,71.0,-15.0,69.0
53.7911217212677,,,-5684.0,2562.0,3425.0,51.0,-30.0,69.0
53.83616828918457,,,-6526.0,946.0,1868.0,46.0,-10.0,59.0
53.88134527206421,,,-6282.0,-475.0,1197.0,15.0,3.0,-10.0
53.92637348175049,,,-4569.0,169.0,1138.0,1.0,9.0,-18.0
53.97142696380615,,,-2938.0,-448.0,1046.0,6.0,12.0,-18.0
54.016448974609375,,,-2761.0,327.0,1619.0,10.0,7.0,-20.0
54.061389207839966,,,-2588.0,-7.0,2263.0,14.0,5.0,-45.0
54.118829011917114,,,-1419.0,-9.0,3464.0,9.0,9.0,-2.0
54.151495695114136,,,-577.0,313.0,3279.0,0.0,9.0,63.0
54.19665813446045,,,-1001.0,-1411.0,1146.0,-10.0,9.0,60.0
54.2416672706604,,,-1754.0,864.0,1607.0,0.0,23.0,8.0
54.28674626350403,,,-1336.0,995.0,2220.0,-14.0,18.0,-18.0
54.33180594444275,,,98.0,1313.0,2996.0,-2.0,8.0,-24.0
54.376718521118164,,,1079.0,1705.0,3377.0,25.0,10.0,41.0
54.421823024749756,,,-174.0,938.0,3208.0,25.0,-1.0,29.0
54.46685814857483,,,-532.0,-338.0,2909.0,31.0,-13.0,-13.0
54.51191258430481,,,-651.0,186.0,2483.0,35.0,-10.0,-22.0
54.55700969696045,,,9.0,201.0,2542.0,37.0,-11.0,2.0
54.602139949798584,,,-432.0,469.0,2559.0,48.0,-4.0,-1.0
54.647241830825806,,,704.0,-159.0,3193.0,47.0,-19.0,9.0
54.692262411117554,,,-350.0,-266.0,2867.0,47.0,-13.0,-3.0
54.7619264125824,,,-287.0,-744.0,2724.0,34.0,-19.0,-16.0
54.794657707214355,,,168.0,-720.0,1984.0,31.0,-1.0,-10.0
54.83980751037598,,,272.0,-223.0,2613.0,25.0,-3.0,-18.0
54.88469362258911,,,915.0,235.0,3666.0,24.0,7.0,-1.0
54.929792642593384,,,794.0,625.0,3392.0,34.0,6.0,31.0
54.97487187385559,,,206.0,-639.0,2983.0,15.0,11.0,25.0
55.01988983154297,,,778.0,-488.0,2494.0,20.0,6.0,-21.0
55.065011978149414,,,503.0,222.0,2827.0,19.0,15.0,-8.0
55.10991358757019,,,1368.0,621.0,3374.0,21.0,8.0,4.0
55.15509033203125,,,643.0,-366.0,3305.0,22.0,7.0,31.0
55.20007848739624,,,444.0,-707.0,3742.0,14.0,-2.0,-16.0
55.24520945549011,,,612.0,-178.0,2991.0,12.0,-8.0,-6.0
55.29015374183655,,,171.0,492.0,3419.0,11.0,-5.0,6.0
55.33522915840149,,,-485.0,287.0,3335.0,14.0,0.0,8.0
55.38027000427246,,,-526.0,390.0,3480.0,18.0,-7.0,2.0
55.42534112930298,,,-384.0,489.0,2922.0,27.0,-10.0,-41.0
55.47049951553345,,,-336.0,888.0,3092.0,24.0,-13.0,-4.0
55.51545858383179,,,-723.0,1104.0,2795.0,26.0,1.0,41.0
55.56044912338257,,,-495.0,-199.0,2211.0,26.0,-7.0,-9.0
55.6055543422699,,,-335.0,-208.0,1765.0,14.0,-6.0,-17.0
55.65066146850586,,,353.0,841.0,2229.0,20.0,-6.0,-4.0
55.69577193260193,,,-173.0,87.0,2771.0,11.0,-8.0,7.0
55.74081325531006,,,722.0,795.0,2721.0,9.0,-8.0,11.0
55.78580284118652,,,-276.0,52.0,3201.0,4.0,-7.0,18.0
55.8307900428772,,,-393.0,-732.0,3603.0,14.0,-1.0,9.0
55.87595057487488,,,292.0,-578.0,3468.0,-2.0,0.0,-6.0
55.921072483062744,,,437.0,218.0,3388.0,6.0,-3.0,-3.0
55.96629095077515,,,382.0,-366.0,3422.0,3.0,-5.0,3.0
56.0111985206604,,,337.0,-82.0,3101.0,-2.0,1.0,8.0
56.05614185333252,,,193.0,93.0,3298.0,2.0,4.0,-2.0
56.10111689567566,,,283.0,36.0,2994.0,-2.0,3.0,2.0
56.14627504348755,,,-31.0,101.0,3058.0,-1.0,6.0,-2.0
56.1912407875061,,,-288.0,56.0,3441.0,0.0,4.0,-13.0
56.236438274383545,,,-88.0,354.0,3230.0,0.0,7.0,16.0
56.28156781196594,,,-102.0,-237.0,3226.0,-1.0,5.0,-10.0
56.326512575149536,,,-150.0,231.0,3156.0,-8.0,7.0,-2.0
56.37159037590027,,,-177.0,261.0,3066.0,-1.0,4.0,-6.0
56.41660189628601,,,-7.0,184.0,2986.0,-8.0,5.0,-1.0
56.46167969703674,,,-56.0,435.0,3055.0,4.0,4.0,-6.0
56.506821393966675,,,160.0,168.0,2780.0,-5.0,3.0,-5.0
56.55169200897217,,,-158.0,543.0,2816.0,2.0,5.0,-1.0
56.59673714637756,,,-33.0,-63.0,2826.0,0.0,4.0,-6.0
56.64182138442993,,,-290.0,314.0,3280.0,2.0,-4.0,-13.0
56.68690252304077,,,-221.0,-687.0,2477.0,2.0,1.0,-27.0
56.73200845718384,,,-600.0,-723.0,2416.0,-7.0,4.0,-37.0
56.78526473045349,,,-312.0,-231.0,1499.0,-9.0,16.0,-8.0
56.82222080230713,,,-1049.0,-1645.0,1853.0,-32.0,17.0,-14.0
56.86725997924805,,,-1035.0,-1629.0,2653.0,-70.0,16.0,-6.0
56.91217088699341,,,-803.0,-494.0,3460.0,-73.0,8.0,37.0
56.95729160308838,,,187.0,1714.0,2317.0,-55.0,23.0,66.0
57.02279472351074,,,847.0,2252.0,1721.0,-43.0,24.0,91.0
57.05962347984314,,,209.0,1065.0,1199.0,-31.0,43.0,95.0
57.104774713516235,,,584.0,682.0,2653.0,-21.0,34.0,55.0
57.149919509887695,,,1087.0,763.0,3499.0,-26.0,22.0,70.0
57.19484782218933,,,1076.0,1891.0,2910.0,-9.0,25.0,99.0
57.23990082740784,,,1713.0,1976.0,3305.0,-19.0,14.0,112.0
57.285109996795654,,,1348.0,1783.0,1735.0,0.0,17.0,80.0
57.329946756362915,,,1467.0,1838.0,2436.0,-1.0,3.0,45.0
57.407960176467896,,,1572.0,1910.0,1279.0,5.0,9.0,34.0
57.45283007621765,,,266.0,2493.0,2418.0,13.0,-12.0,23.0
57.5101683139801,,,471.0,2146.0,2461.0,2.0,-14.0,20.0
57.5551643371582,,,428.0,2218.0,2111.0,-1.0,-20.0,11.0
57.60035800933838,,,-114.0,2334.0,1644.0,1.0,-21.0,13.0
57.64945650100708,,,-433.0,2336.0,1369.0,4.0,-14.0,24.0
57.690449953079224,,,-418.0,2335.0,1439.0,5.0,-11.0,27.0
57.73554754257202,,,-486.0,2292.0,1389.0,8.0,-12.0,27.0
57.78056240081787,,,-523.0,1994.0,1462.0,6.0,-9.0,40.0
57.825461864471436,,,-402.0,1747.0,1317.0,11.0,-4.0,38.0
57.87065505981445,,,-226.0,1348.0,1466.0,8.0,-1.0,30.0
57.91579723358154,,,-210.0,1279.0,1537.0,7.0,1.0,11.0
57.96073055267334,,,-461.0,1500.0,1386.0,3.0,7.0,5.0
58.005900144577026,,,-836.0,1655.0,1703.0,11.0,13.0,18.0
58.050812005996704,,,-353.0,1218.0,1952.0,18.0,15.0,27.0
58.09591841697693,,,337.0,669.0,2032.0,14.0,13.0,7.0
58.141037464141846,,,451.0,742.0,1813.0,10.0,15.0,-14.0
58.18593215942383,,,229.0,1141.0,1794.0,15.0,17.0,-15.0
58.23103618621826,,,170.0,1429.0,1885.0,12.0,14.0,1.0
58.27618169784546,,,175.0,1409.0,1770.0,12.0,8.0,11.0
58.337629079818726,,,144.0,932.0,1915.0,13.0,7.0,12.0
58.370293617248535,,,385.0,654.0,2100.0,13.0,4.0,10.0
58.411258697509766,,,525.0,651.0,2117.0,8.0,0.0,-1.0
58.45628762245178,,,235.0,783.0,1987.0,3.0,-3.0,1.0
58.50134778022766,,,-21.0,738.0,1650.0,4.0,-5.0,5.0
58.546387672424316,,,1.0,396.0,1493.0,4.0,-4.0,8.0
58.591445446014404,,,146.0,-118.0,1514.0,2.0,-1.0,-1.0
58.636507511138916,,,302.0,-441.0,1661.0,-1.0,-1.0,-18.0
58.68173599243164,,,28.0,-264.0,1820.0,-8.0,-3.0,-32.0
58.72676157951355,,,-268.0,-49.0,1779.0,-9.0,-4.0,-32.0
58.771732568740845,,,-278.0,19.0,1465.0,-11.0,-4.0,-30.0
58.81686353683472,,,-344.0,-186.0,1159.0,-16.0,-4.0,-35.0
58.861759424209595,,,-553.0,-386.0,1032.0,-17.0,-3.0,-43.0
58.90683555603027,,,-794.0,-522.0,1194.0,-17.0,1.0,-48.0
58.9518940448761,,,-524.0,-354.0,1177.0,-18.0,4.0,-54.0
59.009291648864746,,,-224.0,-240.0,1386.0,-20.0,-3.0,-64.0
59.054356813430786,,,-298.0,-32.0,1728.0,-23.0,0.0,-63.0
59.09934401512146,,,71.0,359.0,2190.0,-24.0,4.0,-48.0
59.14854431152344,,,653.0,825.0,2237.0,-19.0,6.0,-29.0
59.1894211769104,,,936.0,805.0,2079.0,-22.0,4.0,-14.0
59.234546422958374,,,986.0,759.0,1920.0,-16.0,3.0,-8.0
59.27964115142822,,,1095.0,672.0,1763.0,-6.0,8.0,2.0
59.34107851982117,,,1091.0,154.0,2036.0,1.0,7.0,7.0
59.39017128944397,,,1211.0,-461.0,2285.0,4.0,1.0,-2.0
59.43116283416748,,,891.0,-812.0,2343.0,7.0,-1.0,-8.0
59.47620439529419,,,696.0,-1293.0,2745.0,2.0,-2.0,-20.0
59.52136158943176,,,935.0,-884.0,2689.0,-10.0,-3.0,-30.0
59.56647872924805,,,790.0,-417.0,2323.0,-9.0,-3.0,-29.0
59.61147713661194,,,846.0,-254.0,1968.0,-12.0,-1.0,-26.0
59.65647339820862,,,908.0,-262.0,1731.0,-8.0,0.0,-29.0
59.70146203041077,,,989.0,-424.0,1676.0,-9.0,0.0,-22.0
59.74649667739868,,,827.0,-256.0,1811.0,-8.0,2.0,-13.0
59.791507720947266,,,679.0,-435.0,2116.0,-10.0,4.0,-6.0
59.836676359176636,,,703.0,-753.0,2138.0,-6.0,3.0,-9.0
59.88173270225525,,,619.0,-1033.0,1911.0,-6.0,4.0,-16.0
59.92685389518738,,,490.0,-1093.0,1842.0,-5.0,5.0,-23.0
,,,,,,,,
